Name,Transcript,Domain,Domain_Name,Domain_Start,Domain_End
ABL1,ENST00000372348,SH3_1,SH3 domain,67,113
ABL1,ENST00000372348,SH2,SH2 domain,127,202
ABL1,ENST00000372348,Pkinase_Tyr,Protein tyrosine kinase,242,492
ABL1,ENST00000372348,F_actin_bind,F-actin binding,1024,1130
AKT1,ENST00000554581,PH,PH domain,6,106
AKT1,ENST00000554581,Pkinase,Protein kinase domain,151,408
AKT1,ENST00000554581,Pkinase_C,Protein kinase C terminal domain,428,475
ALK,ENST00000389048,MAM,"MAM domain, meprin/A5/mu",285,426
ALK,ENST00000389048,MAM,"MAM domain, meprin/A5/mu",480,634
ALK,ENST00000389048,Gly_rich,Glycine rich protein,733,960
ALK,ENST00000389048,Pkinase_Tyr,Protein tyrosine kinase,1117,1382
APC,ENST00000457016,Suppressor_APC,Adenomatous polyposis coli tumour suppressor protein,128,208
APC,ENST00000457016,Arm,Armadillo/beta-catenin-like repeat,522,552
APC,ENST00000457016,Arm,Armadillo/beta-catenin-like repeat,649,689
APC,ENST00000457016,Arm,Armadillo/beta-catenin-like repeat,691,730
APC,ENST00000457016,APC_15aa,APC 15 residue motif,1020,1035
APC,ENST00000457016,APC_15aa,APC 15 residue motif,1136,1151
APC,ENST00000457016,APC_15aa,APC 15 residue motif,1155,1170
APC,ENST00000457016,APC_15aa,APC 15 residue motif,1172,1186
APC,ENST00000457016,APC_r,APC repeat,1256,1281
APC,ENST00000457016,APC_r,APC repeat,1370,1394
APC,ENST00000457016,APC_r,APC repeat,1486,1510
APC,ENST00000457016,SAMP,SAMP Motif,1569,1589
APC,ENST00000457016,APC_r,APC repeat,1637,1661
APC,ENST00000457016,SAMP,SAMP Motif,1719,1738
APC,ENST00000457016,APC_r,APC repeat,1841,1866
APC,ENST00000457016,APC_r,APC repeat,1948,1973
APC,ENST00000457016,APC_r,APC repeat,2008,2031
APC,ENST00000457016,SAMP,SAMP Motif,2034,2051
APC,ENST00000457016,APC_basic,APC basic domain,2223,2579
APC,ENST00000457016,EB1_binding,EB-1 Binding Domain,2670,2843
AR,ENST00000374690,Androgen_recep,Androgen receptor,6,449
AR,ENST00000374690,zf-C4,"Zinc finger, C4 type (two domains)",558,626
AR,ENST00000374690,Hormone_recep,Ligand-binding domain of nuclear hormone receptor,692,877
ARAF,ENST00000377045,RBD,Raf-like Ras-binding domain,20,91
ARAF,ENST00000377045,C1_1,Phorbol esters/diacylglycerol binding domain (C1 domain),99,145
ARAF,ENST00000377045,Pkinase_Tyr,Protein tyrosine kinase,311,565
ARID1A,ENST00000324856,ARID,ARID/BRIGHT DNA binding domain,1017,1104
ARID1A,ENST00000324856,BAF250_C,SWI/SNF-like complex subunit BAF250/Osa,1975,2231
AURKA,ENST00000395909,Pkinase,Protein kinase domain,133,383
BAP1,ENST00000460680,Peptidase_C12,"Ubiquitin carboxyl-terminal hydrolase, family 1",4,214
BCL2,ENST00000398117,BH4,Bcl-2 homology region 4,8,32
BCL2,ENST00000398117,Bcl-2,"Apoptosis regulator proteins, Bcl-2 family",97,195
BCR,ENST00000305877,Bcr-Abl_Oligo,Bcr-Abl oncoprotein oligomerisation domain,3,75
BCR,ENST00000305877,RhoGEF,RhoGEF domain,502,689
BCR,ENST00000305877,C2,C2 domain,911,1017
BCR,ENST00000305877,RhoGAP,RhoGAP domain,1068,1220
BRAF,ENST00000288602,RBD,Raf-like Ras-binding domain,156,227
BRAF,ENST00000288602,C1_1,Phorbol esters/diacylglycerol binding domain (C1 domain),235,280
BRAF,ENST00000288602,Pkinase_Tyr,Protein tyrosine kinase,458,712
BRCA1,ENST00000471181,zf-C3HC4,"Zinc finger, C3HC4 type (RING finger)",24,64
BRCA1,ENST00000471181,BRCT_assoc,Serine-rich domain associated with BRCT,344,507
BRCA1,ENST00000471181,EIN3,Ethylene insensitive 3,648,978
BRCA1,ENST00000471181,BRCT,BRCA1 C Terminus (BRCT) domain,1662,1723
BRCA1,ENST00000471181,BRCT,BRCA1 C Terminus (BRCT) domain,1757,1842
BRCA2,ENST00000544455,BRCA2,BRCA2 repeat,1002,1036
BRCA2,ENST00000544455,BRCA2,BRCA2 repeat,1212,1246
BRCA2,ENST00000544455,BRCA2,BRCA2 repeat,1421,1454
BRCA2,ENST00000544455,BRCA2,BRCA2 repeat,1517,1550
BRCA2,ENST00000544455,BRCA2,BRCA2 repeat,1664,1696
BRCA2,ENST00000544455,BRCA2,BRCA2 repeat,1837,1869
BRCA2,ENST00000544455,BRCA2,BRCA2 repeat,1972,2005
BRCA2,ENST00000544455,BRCA2,BRCA2 repeat,2051,2084
BRCA2,ENST00000544455,BRCA-2_helical,"BRCA2, helical",2479,2667
BRCA2,ENST00000544455,BRCA-2_OB1,"BRCA2, oligonucleotide/oligosaccharide-binding, domain 1",2670,2799
BRCA2,ENST00000544455,Tower,Tower,2831,2872
BRCA2,ENST00000544455,BRCA-2_OB3,"BRCA2, oligonucleotide/oligosaccharide-binding, domain 3",3052,3190
CASP8,ENST00000358485,DED,Death effector domain,62,145
CASP8,ENST00000358485,DED,Death effector domain,160,240
CASP8,ENST00000358485,Peptidase_C14,Caspase domain,293,534
CCND1,ENST00000227507,Cyclin_N,"Cyclin, N-terminal domain",28,152
CCND1,ENST00000227507,Cyclin_C,"Cyclin, C-terminal domain",156,273
CCND2,ENST00000261254,Cyclin_N,"Cyclin, N-terminal domain",25,152
CCND2,ENST00000261254,Cyclin_C,"Cyclin, C-terminal domain",154,282
CCND3,ENST00000372991,Cyclin_N,"Cyclin, N-terminal domain",27,152
CCND3,ENST00000372991,Cyclin_C,"Cyclin, C-terminal domain",156,260
CCNE1,ENST00000262643,Cyclin_N,"Cyclin, N-terminal domain",115,242
CCNE1,ENST00000262643,Cyclin_C,"Cyclin, C-terminal domain",244,366
CDH1,ENST00000261769,Cadherin_pro,Cadherin prodomain like,27,115
CDH1,ENST00000261769,Cadherin,Cadherin domain,161,253
CDH1,ENST00000261769,Cadherin,Cadherin domain,268,366
CDH1,ENST00000261769,Cadherin,Cadherin domain,380,478
CDH1,ENST00000261769,Cadherin,Cadherin domain,493,581
CDH1,ENST00000261769,Cadherin,Cadherin domain,600,686
CDH1,ENST00000261769,Cadherin_C,Cadherin cytoplasmic region,740,878
CDK12,ENST00000447079,Pkinase,Protein kinase domain,728,1020
CDK4,ENST00000257904,Pkinase,Protein kinase domain,7,295
CDK6,ENST00000265734,Pkinase,Protein kinase domain,13,300
CDKN1B,ENST00000228872,CDI,Cyclin-dependent kinase inhibitor,30,80
CDKN2A,ENST00000498124;ENST00000579755,Ank,Ankyrin repeat,18,42
CDKN2A,ENST00000498124;ENST00000579755,Ank_2,Ankyrin repeats (3 copies),52,133
CDKN2B,ENST00000276925,Ank_2,Ankyrin repeats (3 copies),54,134
CHEK2,ENST00000382580,FHA,FHA domain,113,191
CHEK2,ENST00000382580,Pkinase,Protein kinase domain,222,486
CREBBP,ENST00000262367,zf-TAZ,TAZ zinc finger,353,432
CREBBP,ENST00000262367,KIX,KIX domain,588,667
CREBBP,ENST00000262367,Bromodomain,Bromodomain,1104,1178
CREBBP,ENST00000262367,DUF902,Domain of Unknown Function (DUF902),1191,1232
CREBBP,ENST00000262367,HAT_KAT11,Histone acetylation protein,1344,1639
CREBBP,ENST00000262367,ZZ,"Zinc finger, ZZ type",1702,1742
CREBBP,ENST00000262367,zf-TAZ,TAZ zinc finger,1771,1843
CREBBP,ENST00000262367,Creb_binding,Creb binding,2016,2115
CTNNB1,ENST00000349496,Arm,Armadillo/beta-catenin-like repeat,229,262
CTNNB1,ENST00000349496,Arm,Armadillo/beta-catenin-like repeat,350,390
CTNNB1,ENST00000349496,Arm,Armadillo/beta-catenin-like repeat,432,473
CTNNB1,ENST00000349496,Arm,Armadillo/beta-catenin-like repeat,584,622
CUL3,ENST00000264414,Cullin,Cullin family,34,665
CUL3,ENST00000264414,Cullin_Nedd8,Cullin protein neddylation domain,698,760
DDR2,ENST00000367922,F5_F8_type_C,F5/8 type C domain,46,182
DDR2,ENST00000367922,Pkinase_Tyr,Protein tyrosine kinase,563,847
DNMT3A,ENST00000264709,PWWP,PWWP domain,291,374
DNMT3A,ENST00000264709,DNA_methylase,C-5 cytosine-specific DNA methylase,634,767
DPH3,ENST00000488423,zf-CSL,CSL zinc finger,6,60
EGFR,ENST00000275493,Recep_L_domain,Receptor L domain,57,167
EGFR,ENST00000275493,Furin-like,Furin-like cysteine rich region,185,338
EGFR,ENST00000275493,Recep_L_domain,Receptor L domain,361,480
EGFR,ENST00000275493,GF_recep_IV,Growth factor receptor domain IV,505,636
EGFR,ENST00000275493,Pkinase_Tyr,Protein tyrosine kinase,713,965
EP300,ENST00000263253,zf-TAZ,TAZ zinc finger,337,416
EP300,ENST00000263253,KIX,KIX domain,567,646
EP300,ENST00000263253,Bromodomain,Bromodomain,1068,1143
EP300,ENST00000263253,DUF902,Domain of Unknown Function (DUF902),1155,1196
EP300,ENST00000263253,HAT_KAT11,Histone acetylation protein,1307,1604
EP300,ENST00000263253,ZZ,"Zinc finger, ZZ type",1665,1705
EP300,ENST00000263253,zf-TAZ,TAZ zinc finger,1734,1806
EP300,ENST00000263253,Creb_binding,Creb binding,1990,2099
EPHA2,ENST00000358432,Ephrin_lbd,Ephrin receptor ligand binding domain,29,101
EPHA2,ENST00000358432,fn3,Fibronectin type III domain,330,424
EPHA2,ENST00000358432,fn3,Fibronectin type III domain,437,519
EPHA2,ENST00000358432,EphA2_TM,Ephrin type-A receptor 2 transmembrane domain,537,610
EPHA2,ENST00000358432,Pkinase_Tyr,Protein tyrosine kinase,613,871
EPHA2,ENST00000358432,SAM_1,SAM domain (Sterile alpha motif),902,966
EPHA3,ENST00000336596,Ephrin_lbd,Ephrin receptor ligand binding domain,29,202
EPHA3,ENST00000336596,Ephrin_rec_like,Putative ephrin-receptor like,268,303
EPHA3,ENST00000336596,fn3,Fibronectin type III domain,327,416
EPHA3,ENST00000336596,fn3,Fibronectin type III domain,444,521
EPHA3,ENST00000336596,EphA2_TM,Ephrin type-A receptor 2 transmembrane domain,544,618
EPHA3,ENST00000336596,Pkinase_Tyr,Protein tyrosine kinase,622,878
EPHA3,ENST00000336596,SAM_2,SAM domain (Sterile alpha motif),908,973
ERBB2,ENST00000269571,Recep_L_domain,Receptor L domain,52,172
ERBB2,ENST00000269571,Furin-like,Furin-like cysteine rich region,190,343
ERBB2,ENST00000269571,Recep_L_domain,Receptor L domain,366,485
ERBB2,ENST00000269571,GF_recep_IV,Growth factor receptor domain IV,511,642
ERBB2,ENST00000269571,Pkinase_Tyr,Protein tyrosine kinase,721,975
ERBB3,ENST00000267101,Recep_L_domain,Receptor L domain,56,166
ERBB3,ENST00000267101,Furin-like,Furin-like cysteine rich region,182,332
ERBB3,ENST00000267101,Recep_L_domain,Receptor L domain,353,472
ERBB3,ENST00000267101,GF_recep_IV,Growth factor receptor domain IV,499,629
ERBB3,ENST00000267101,Pkinase_Tyr,Protein tyrosine kinase,710,964
ERBB4,ENST00000342788,Recep_L_domain,Receptor L domain,55,166
ERBB4,ENST00000342788,Furin-like,Furin-like cysteine rich region,186,334
ERBB4,ENST00000342788,Recep_L_domain,Receptor L domain,358,477
ERBB4,ENST00000342788,GF_recep_IV,Growth factor receptor domain IV,502,633
ERBB4,ENST00000342788,Pkinase_Tyr,Protein tyrosine kinase,719,973
ESR1,ENST00000440973,Oest_recep,Oestrogen receptor,42,181
ESR1,ENST00000440973,zf-C4,"Zinc finger, C4 type (two domains)",184,252
ESR1,ENST00000440973,Hormone_recep,Ligand-binding domain of nuclear hormone receptor,327,524
ESR1,ENST00000440973,ESR1_C,Oestrogen-type nuclear receptor final C-terminal,552,595
EZH2,ENST00000320356,EZH2_WD-Binding,WD repeat binding protein EZH2,39,68
EZH2,ENST00000320356,SET,SET domain,628,731
FBXW7,ENST00000281708,F-box-like,F-box-like,281,325
FBXW7,ENST00000281708,WD40,"WD domain, G-beta repeat",381,407
FBXW7,ENST00000281708,WD40,"WD domain, G-beta repeat",411,447
FBXW7,ENST00000281708,WD40,"WD domain, G-beta repeat",451,487
FBXW7,ENST00000281708,WD40,"WD domain, G-beta repeat",491,527
FBXW7,ENST00000281708,WD40,"WD domain, G-beta repeat",532,567
FBXW7,ENST00000281708,WD40,"WD domain, G-beta repeat",571,607
FBXW7,ENST00000281708,WD40,"WD domain, G-beta repeat",623,650
FGF3,ENST00000334134,FGF,Fibroblast growth factor,44,179
FGF4,ENST00000168712,FGF,Fibroblast growth factor,82,203
FGFR1,ENST00000425967,I-set,Immunoglobulin I-set domain,76,151
FGFR1,ENST00000425967,I-set,Immunoglobulin I-set domain,200,278
FGFR1,ENST00000425967,I-set,Immunoglobulin I-set domain,293,389
FGFR1,ENST00000425967,Pkinase_Tyr,Protein tyrosine kinase,509,785
FGFR2,ENST00000457416,Ig_2,Immunoglobulin domain,43,115
FGFR2,ENST00000457416,I-set,Immunoglobulin I-set domain,172,248
FGFR2,ENST00000457416,I-set,Immunoglobulin I-set domain,264,359
FGFR2,ENST00000457416,Pkinase_Tyr,Protein tyrosine kinase,481,757
FGFR3,ENST00000340107,ig,Immunoglobulin domain,54,110
FGFR3,ENST00000340107,I-set,Immunoglobulin I-set domain,166,245
FGFR3,ENST00000340107,I-set,Immunoglobulin I-set domain,260,356
FGFR3,ENST00000340107,Pkinase_Tyr,Protein tyrosine kinase,472,748
FLT3,ENST00000241453,ig,Immunoglobulin domain,265,331
FLT3,ENST00000241453,Pkinase_Tyr,Protein tyrosine kinase,610,943
FOXO1,ENST00000379561,Forkhead,Forkhead domain,163,245
GATA3,ENST00000379328,GATA,GATA zinc finger,263,296
GATA3,ENST00000379328,GATA,GATA zinc finger,317,349
GNA11,ENST00000078429,G-alpha,G-protein alpha subunit,13,348
GNAQ,ENST00000286548,G-alpha,G-protein alpha subunit,12,348
GNAS,ENST00000371100,G-alpha,G-protein alpha subunit,8,383
HGF,ENST00000222390,PAN_1,PAN domain,40,124
HGF,ENST00000222390,Kringle,Kringle domain,128,203
HGF,ENST00000222390,Kringle,Kringle domain,211,288
HGF,ENST00000222390,Kringle,Kringle domain,305,383
HGF,ENST00000222390,Kringle,Kringle domain,391,469
HGF,ENST00000222390,Trypsin,Trypsin,495,716
HNF1A,ENST00000257555,HNF-1_N,"Hepatocyte nuclear factor 1 (HNF-1), N terminus",1,176
HNF1A,ENST00000257555,Homeobox,Homeobox domain,200,273
HNF1A,ENST00000257555,HNF-1B_C,"Hepatocyte nuclear factor 1 (HNF-1), beta isoform C terminus",282,541
HNF1A,ENST00000257555,HNF-1A_C,"Hepatocyte nuclear factor 1 (HNF-1), alpha isoform C terminus",542,630
HRAS,ENST00000451590,Ras,Ras family,5,164
IDH1,ENST00000415913,Iso_dh,Isocitrate/isopropylmalate dehydrogenase,11,399
IDH2,ENST00000330062,Iso_dh,Isocitrate/isopropylmalate dehydrogenase,45,440
IGF1R,ENST00000268035,Recep_L_domain,Receptor L domain,51,160
IGF1R,ENST00000268035,Furin-like,Furin-like cysteine rich region,176,333
IGF1R,ENST00000268035,Recep_L_domain,Receptor L domain,352,462
IGF1R,ENST00000268035,fn3,Fibronectin type III domain,835,916
IGF1R,ENST00000268035,Pkinase_Tyr,Protein tyrosine kinase,999,1265
JAK2,ENST00000381652,SH2,SH2 domain,401,481
JAK2,ENST00000381652,Pkinase_Tyr,Protein tyrosine kinase,546,805
JAK2,ENST00000381652,Pkinase_Tyr,Protein tyrosine kinase,849,1120
JAK3,ENST00000458235,Pkinase_Tyr,Protein tyrosine kinase,521,777
JAK3,ENST00000458235,Pkinase_Tyr,Protein tyrosine kinase,823,1093
KDR,ENST00000263923,V-set,Immunoglobulin V-set domain,230,324
KDR,ENST00000263923,I-set,Immunoglobulin I-set domain,340,410
KDR,ENST00000263923,Ig_2,Immunoglobulin domain,431,537
KDR,ENST00000263923,Ig_2,Immunoglobulin domain,551,652
KDR,ENST00000263923,I-set,Immunoglobulin I-set domain,667,750
KDR,ENST00000263923,Pkinase_Tyr,Protein tyrosine kinase,834,1160
KEAP1,ENST00000171111,BTB,BTB/POZ domain,67,178
KEAP1,ENST00000171111,BACK,BTB And C-terminal Kelch,185,285
KEAP1,ENST00000171111,Kelch_1,Kelch motif,324,358
KEAP1,ENST00000171111,Kelch_1,Kelch motif,361,410
KEAP1,ENST00000171111,Kelch_1,Kelch motif,412,456
KEAP1,ENST00000171111,Kelch_1,Kelch motif,459,503
KEAP1,ENST00000171111,Kelch_1,Kelch motif,507,550
KEAP1,ENST00000171111,Kelch_1,Kelch motif,553,597
KIT,ENST00000288135,Ig_2,Immunoglobulin domain,47,109
KIT,ENST00000288135,ig,Immunoglobulin domain,226,292
KIT,ENST00000288135,Ig_3,Immunoglobulin domain,412,495
KIT,ENST00000288135,Pkinase_Tyr,Protein tyrosine kinase,589,923
KRAS,ENST00000256078,Ras,Ras family,5,164
MAP2K1,ENST00000307102,Pkinase,Protein kinase domain,68,361
MAP2K2,ENST00000262948,Pkinase,Protein kinase domain,73,369
MDM2,ENST00000462284,SWIB,SWIB/MDM2 domain,26,101
MDM2,ENST00000462284,zf-RanBP,Zn-finger in Ran binding protein and others,299,328
MDM2,ENST00000462284,zf-C3HC4_3,"Zinc finger, C3HC4 type (RING finger)",434,485
MDM4,ENST00000367182,SWIB,SWIB/MDM2 domain,27,95
MDM4,ENST00000367182,zf-RanBP,Zn-finger in Ran binding protein and others,300,329
MDM4,ENST00000367182,zf-C3HC4_3,"Zinc finger, C3HC4 type (RING finger)",435,482
MED12,ENST00000374080,Med12,Transcription mediator complex subunit Med12,102,161
MED12,ENST00000374080,Med12-LCEWAV,Eukaryotic Mediator 12 subunit domain,286,757
MED12,ENST00000374080,Med12-PQL,Eukaryotic Mediator 12 catenin-binding domain,1817,2020
MET,ENST00000318493,Sema,Sema domain,59,498
MET,ENST00000318493,PSI,Plexin repeat,520,561
MET,ENST00000318493,TIG,IPT/TIG domain,563,654
MET,ENST00000318493,TIG,IPT/TIG domain,657,728
MET,ENST00000318493,TIG,IPT/TIG domain,742,815
MET,ENST00000318493,Pkinase_Tyr,Protein tyrosine kinase,1078,1336
MLH1,ENST00000231790,HATPase_c_3,"Histidine kinase-, DNA gyrase B-, and HSP90-like ATPase",28,130
MLH1,ENST00000231790,DNA_mis_repair,"DNA mismatch repair protein, C-terminal domain",216,334
MPL,ENST00000372470,EpoR_lig-bind,"Erythropoietin receptor, ligand binding",25,128
MPL,ENST00000372470,fn3,Fibronectin type III domain,394,475
MSH2,ENST00000233146,MutS_I,MutS domain I,18,131
MSH2,ENST00000233146,MutS_II,MutS domain II,156,289
MSH2,ENST00000233146,MutS_III,MutS domain III,306,610
MSH2,ENST00000233146,MutS_IV,MutS family domain IV,474,568
MSH2,ENST00000233146,MutS_V,MutS domain V,619,853
MTOR,ENST00000361445,DUF3385,Domain of unknown function (DUF3385),854,1024
MTOR,ENST00000361445,FAT,FAT domain,1513,1908
MTOR,ENST00000361445,FRB_dom,FKBP12-rapamycin binding domain,2015,2114
MTOR,ENST00000361445,PI3_PI4_kinase,Phosphatidylinositol 3- and 4-kinase,2184,2430
MTOR,ENST00000361445,FATC,FATC domain,2518,2549
MYC,ENST00000377970,Myc_N,Myc amino-terminal region,16,360
MYC,ENST00000377970,HLH,Helix-loop-helix DNA-binding domain,370,422
MYC,ENST00000377970,Myc-LZ,Myc leucine zipper domain,423,454
MYCL,ENST00000397332,Myc_N,Myc amino-terminal region,1,161
MYCL,ENST00000397332,Myc_N,Myc amino-terminal region,143,237
MYCL,ENST00000397332,HLH,Helix-loop-helix DNA-binding domain,282,334
MYCN,ENST00000281043,Myc_N,Myc amino-terminal region,9,372
MYCN,ENST00000281043,HLH,Helix-loop-helix DNA-binding domain,382,434
MYD88,ENST00000417037,Death,Death domain,50,115
MYD88,ENST00000417037,TIR,TIR domain,176,304
NF1,ENST00000358273,RasGAP,GTPase-activator protein for Ras-like GTPase,1256,1451
NF1,ENST00000358273,CRAL_TRIO_2,Divergent CRAL/TRIO domain,1592,1730
NF2,ENST00000338641,FERM_N,FERM N-terminal domain,29,102
NF2,ENST00000338641,FERM_M,FERM central domain,109,222
NF2,ENST00000338641,FERM_C,FERM C-terminal PH-like domain,226,315
NF2,ENST00000338641,ERM,Ezrin/radixin/moesin family,347,595
NFE2L2,ENST00000397062,bZIP_Maf,bZIP Maf transcription factor,469,558
NKX2-1,ENST00000354822,Homeodomain,Homeodomain,162,218
NOTCH1,ENST00000277541,EGF,EGF-like domain,63,96
NOTCH1,ENST00000277541,EGF,EGF-like domain,106,136
NOTCH1,ENST00000277541,EGF,EGF-like domain,144,174
NOTCH1,ENST00000277541,EGF_CA,Calcium-binding EGF domain,178,213
NOTCH1,ENST00000277541,EGF,EGF-like domain,222,253
NOTCH1,ENST00000277541,EGF,EGF-like domain,261,290
NOTCH1,ENST00000277541,EGF_CA,Calcium-binding EGF domain,295,329
NOTCH1,ENST00000277541,hEGF,Human growth factor-like EGF,398,409
NOTCH1,ENST00000277541,EGF_CA,Calcium-binding EGF domain,412,445
NOTCH1,ENST00000277541,EGF_CA,Calcium-binding EGF domain,452,485
NOTCH1,ENST00000277541,EGF,EGF-like domain,494,523
NOTCH1,ENST00000277541,EGF,EGF-like domain,532,561
NOTCH1,ENST00000277541,EGF,EGF-like domain,570,599
NOTCH1,ENST00000277541,EGF,EGF-like domain,607,637
NOTCH1,ENST00000277541,EGF,EGF-like domain,645,672
NOTCH1,ENST00000277541,EGF,EGF-like domain,682,711
NOTCH1,ENST00000277541,EGF,EGF-like domain,720,747
NOTCH1,ENST00000277541,EGF,EGF-like domain,757,787
NOTCH1,ENST00000277541,EGF,EGF-like domain,795,824
NOTCH1,ENST00000277541,EGF_CA,Calcium-binding EGF domain,869,902
NOTCH1,ENST00000277541,EGF,EGF-like domain,911,939
NOTCH1,ENST00000277541,EGF,EGF-like domain,949,979
NOTCH1,ENST00000277541,EGF,EGF-like domain,987,1016
NOTCH1,ENST00000277541,EGF,EGF-like domain,1025,1055
NOTCH1,ENST00000277541,EGF,EGF-like domain,1063,1092
NOTCH1,ENST00000277541,EGF,EGF-like domain,1116,1140
NOTCH1,ENST00000277541,EGF,EGF-like domain,1149,1177
NOTCH1,ENST00000277541,EGF,EGF-like domain,1187,1215
NOTCH1,ENST00000277541,EGF,EGF-like domain,1237,1263
NOTCH1,ENST00000277541,Notch,LNR domain,1446,1480
NOTCH1,ENST00000277541,Notch,LNR domain,1486,1522
NOTCH1,ENST00000277541,Notch,LNR domain,1525,1561
NOTCH1,ENST00000277541,NOD,NOTCH protein,1566,1621
NOTCH1,ENST00000277541,NODP,NOTCH protein,1671,1731
NOTCH1,ENST00000277541,Ank_2,Ankyrin repeats (3 copies),1914,1985
NOTCH1,ENST00000277541,Ank_2,Ankyrin repeats (3 copies),1999,2090
NOTCH1,ENST00000277541,DUF3454,Domain of unknown function (DUF3454),2479,2541
NRAS,ENST00000369535,Ras,Ras family,5,164
NTRK1,ENST00000524377,LRR_8,Leucine rich repeat,92,150
NTRK1,ENST00000524377,Ig_2,Immunoglobulin domain,197,281
NTRK1,ENST00000524377,Pkinase_Tyr,Protein tyrosine kinase,512,781
NTRK2,ENST00000376214,LRRNT,Leucine rich repeat N-terminal domain,31,60
NTRK2,ENST00000376214,LRR_8,Leucine rich repeat,93,149
NTRK2,ENST00000376214,I-set,Immunoglobulin I-set domain,204,283
NTRK2,ENST00000376214,I-set,Immunoglobulin I-set domain,305,375
NTRK2,ENST00000376214,Pkinase_Tyr,Protein tyrosine kinase,555,822
NTRK3,ENST00000360948,LRRNT,Leucine rich repeat N-terminal domain,31,56
NTRK3,ENST00000360948,LRR_8,Leucine rich repeat,104,160
NTRK3,ENST00000360948,I-set,Immunoglobulin I-set domain,210,301
NTRK3,ENST00000360948,I-set,Immunoglobulin I-set domain,323,391
NTRK3,ENST00000360948,Pkinase_Tyr,Protein tyrosine kinase,539,824
PALB2,ENST00000261584,PALB2_WD40,Partner and localizer of BRCA2 WD40 domain,837,1184
PCBP1,ENST00000303577,KH_1,KH domain,15,77
PCBP1,ENST00000303577,KH_1,KH domain,99,164
PCBP1,ENST00000303577,KH_1,KH domain,281,345
PDGFRA,ENST00000257290,Ig_2,Immunoglobulin domain,35,109
PDGFRA,ENST00000257290,I-set,Immunoglobulin I-set domain,223,306
PDGFRA,ENST00000257290,I-set,Immunoglobulin I-set domain,327,404
PDGFRA,ENST00000257290,Pkinase_Tyr,Protein tyrosine kinase,593,948
PDGFRB,ENST00000261799,ig,Immunoglobulin domain,48,101
PDGFRB,ENST00000261799,Ig_2,Immunoglobulin domain,220,310
PDGFRB,ENST00000261799,I-set,Immunoglobulin I-set domain,333,413
PDGFRB,ENST00000261799,Pkinase_Tyr,Protein tyrosine kinase,600,956
PIK3CA,ENST00000263967,PI3K_p85B,"PI3-kinase family, p85-binding domain",32,108
PIK3CA,ENST00000263967,PI3K_rbd,"PI3-kinase family, ras-binding domain",174,291
PIK3CA,ENST00000263967,PI3K_C2,Phosphoinositide 3-kinase C2,351,483
PIK3CA,ENST00000263967,PI3Ka,"Phosphoinositide 3-kinase family, accessory domain (PIK domain)",520,703
PIK3CA,ENST00000263967,PI3_PI4_kinase,Phosphatidylinositol 3- and 4-kinase,798,1014
PIK3R1,ENST00000521381,SH3_2,Variant SH3 domain,8,75
PIK3R1,ENST00000521381,RhoGAP,RhoGAP domain,129,277
PIK3R1,ENST00000521381,SH2,SH2 domain,333,408
PIK3R1,ENST00000521381,SH2,SH2 domain,624,698
PLEKHS1,ENST00000369310,PH,PH domain,15,127
POLD1,ENST00000440232,DNA_pol_B_exo1,"DNA polymerase family B, exonuclease domain",131,477
POLD1,ENST00000440232,DNA_pol_B,DNA polymerase family B,550,978
POLD1,ENST00000440232,zf-C4pol,C4-type zinc-finger of DNA polymerase delta,1012,1083
POLE,ENST00000320574,DNA_pol_B_exo1,"DNA polymerase family B, exonuclease domain",86,426
POLE,ENST00000320574,DNA_pol_B,DNA polymerase family B,624,1145
POLE,ENST00000320574,DUF1744,Domain of unknown function (DUF1744),1529,1925
PPP2R1A,ENST00000322088,HEAT_2,HEAT repeats,172,262
PPP2R1A,ENST00000322088,HEAT,HEAT repeat,283,312
PPP2R1A,ENST00000322088,HEAT_2,HEAT repeats,366,467
PTCH1,ENST00000331920,Sterol-sensing,Sterol-sensing domain of SREBP cleavage-activation,462,615
PTCH1,ENST00000331920,Patched,Patched family,978,1178
PTEN,ENST00000371953,DSPc,"Dual specificity phosphatase, catalytic domain",80,159
PTEN,ENST00000371953,PTEN_C2,C2 domain of PTEN tumour-suppressor protein,188,349
PTPN11,ENST00000351677,SH2,SH2 domain,6,81
PTPN11,ENST00000351677,SH2,SH2 domain,112,197
PTPN11,ENST00000351677,Y_phosphatase,Protein-tyrosine phosphatase,273,519
RAC1,ENST00000356142,Ras,Ras family,5,78
RAC1,ENST00000356142,Ras,Ras family,94,196
RAF1,ENST00000251849,RBD,Raf-like Ras-binding domain,56,130
RAF1,ENST00000251849,C1_1,Phorbol esters/diacylglycerol binding domain (C1 domain),139,185
RAF1,ENST00000251849,Pkinase_Tyr,Protein tyrosine kinase,351,605
RB1,ENST00000267163,DUF3452,Domain of unknown function (DUF3452),111,228
RB1,ENST00000267163,RB_A,Retinoblastoma-associated protein A domain,373,573
RB1,ENST00000267163,RB_B,Retinoblastoma-associated protein B domain,645,766
RB1,ENST00000267163,Rb_C,Rb C-terminal domain,768,927
RET,ENST00000355710,Cadherin,Cadherin domain,173,256
RET,ENST00000355710,Pkinase_Tyr,Protein tyrosine kinase,724,1005
RHEB,ENST00000262187,Ras,Ras family,8,167
RHOA,ENST00000418115,Ras,Ras family,7,179
RIT1,ENST00000368322,Ras,Ras family,23,183
ROS1,ENST00000368508,fn3,Fibronectin type III domain,102,169
ROS1,ENST00000368508,fn3,Fibronectin type III domain,202,274
ROS1,ENST00000368508,fn3,Fibronectin type III domain,1061,1138
ROS1,ENST00000368508,fn3,Fibronectin type III domain,1668,1738
ROS1,ENST00000368508,Pkinase_Tyr,Protein tyrosine kinase,1947,2215
RPS4Y1,ENST00000250784,RS4NT,RS4NT (NUC023) domain,3,39
RPS4Y1,ENST00000250784,Ribosomal_S4e,Ribosomal family S4e,95,169
RPS4Y1,ENST00000250784,KOW,KOW motif,177,211
RPS4Y1,ENST00000250784,40S_S4_C,40S ribosomal protein S4 C-terminus,212,259
SDHD,ENST00000375549,CybS,"CybS, succinate dehydrogenase cytochrome B small subunit",53,158
SETBP1,ENST00000282030,Domains_Unknown,"No domains characterized in OncoKB, pFAM, UniProt",1,2
SETD2,ENST00000409792,SET,SET domain,1561,1667
SETD2,ENST00000409792,WW,WW domain,2391,2420
SETD2,ENST00000409792,SRI,SRI (Set2 Rpb1 interacting) domain,2466,2558
SF3B1,ENST00000335508,SF3b1,Splicing factor 3B subunit 1,285,453
SMAD4,ENST00000342988,MH1,MH1 domain,37,137
SMAD4,ENST00000342988,MH2,MH2 domain,319,531
SMO,ENST00000249373,Fz,Fz domain,70,176
SMO,ENST00000249373,Frizzled,Frizzled/Smoothened family membrane region,220,554
SOX2,ENST00000325404,HMG_box,HMG (high mobility group) box,41,109
SOX2,ENST00000325404,SOXp,SOX transcription factor,110,200
SPOP,ENST00000393331,MATH,MATH domain,38,163
SPOP,ENST00000393331,BTB,BTB/POZ domain,193,296
SRC,ENST00000373578,SH3_1,SH3 domain,90,137
SRC,ENST00000373578,SH2,SH2 domain,151,233
SRC,ENST00000373578,Pkinase_Tyr,Protein tyrosine kinase,270,519
SRSF2,ENST00000392485,RRM_1,"RNA recognition motif. (a.k.a. RRM, RBD, or RNP domain)",18,86
STK11,ENST00000326873,Pkinase,Protein kinase domain,52,309
TERT,ENST00000310581,Telomerase_RBD,Telomerase ribonucleoprotein complex - RNA binding domain,459,593
TERT,ENST00000310581,RVT_1,Reverse transcriptase (RNA-dependent DNA polymerase),701,905
TP53,ENST00000269305,P53_TAD,P53 transactivation motif,6,29
TP53,ENST00000269305,P53,P53 DNA-binding domain,95,288
TP53,ENST00000269305,P53_tetramer,P53 tetramerisation motif,318,358
TP63,ENST00000264731,P53_TAD,P53 transactivation motif,6,29
TP63,ENST00000264731,P53,P53 DNA-binding domain,95,288
TP63,ENST00000264731,P53_tetramer,P53 tetramerisation motif,318,358
TSC1,ENST00000298552,Hamartin,Hamartin protein,3,719
TSC2,ENST00000219476,DUF3384,Domain of unknown function (DUF3384),53,469
TSC2,ENST00000219476,Tuberin,Tuberin,555,904
TSC2,ENST00000219476,Rap_GAP,Rap/ran-GAP,1561,1740
U2AF1,ENST00000291552,zf-CCCH,Zinc finger C-x8-C-x5-C-x3-H type (and similar),15,38
U2AF1,ENST00000291552,RRM_5,"RNA recognition motif. (a.k.a. RRM, RBD, or RNP domain)",91,145
U2AF1,ENST00000291552,zf-CCCH,Zinc finger C-x8-C-x5-C-x3-H type (and similar),150,174
VEGFA,ENST00000372055,PDGF,PDGF/VEGF domain,52,130
VEGFA,ENST00000372055,VEGF_C,VEGF heparin-binding domain,180,232
VHL,ENST00000256474,VHL,VHL beta domain,58,213
YAP1,ENST00000282441,WW,WW domain,173,202
YAP1,ENST00000282441,WW,WW domain,232,261
ZFY,ENST00000155093,Zfx_Zfy_act,Zfx / Zfy transcription activation region,71,406
ZFY,ENST00000155093,zf-C2H2,"Zinc finger, C2H2 type",421,443
ZFY,ENST00000155093,zf-C2H2,"Zinc finger, C2H2 type",484,506
ZFY,ENST00000155093,zf-C2H2,"Zinc finger, C2H2 type",544,566
ZFY,ENST00000155093,zf-H2C2_5,C2H2-type zinc-finger domain,572,597
ZFY,ENST00000155093,zf-C2H2,"Zinc finger, C2H2 type",658,680
ZFY,ENST00000155093,zf-C2H2,"Zinc finger, C2H2 type",715,737
ZFY,ENST00000155093,zf-C2H2,"Zinc finger, C2H2 type",743,766
ZFY,ENST00000155093,zf-C2H2,"Zinc finger, C2H2 type",772,795
ABCC9,ENSG00000069431,ABC_membrane,ABC transporter transmembrane region,297,585
ABCC9,ENSG00000069431,ABC_tran,ABC transporter,688,840
ABCC9,ENSG00000069431,ABC_membrane,ABC transporter transmembrane region,994,1266
ABCC9,ENSG00000069431,ABC_tran,ABC transporter,1329,1477
ADAMTS12,ENSG00000151388,Pep_M12B_propep,Reprolysin family propeptide,53,195
ADAMTS12,ENSG00000151388,Reprolysin,Reprolysin (M12B) family zinc metalloprotease,246,456
ADAMTS12,ENSG00000151388,ADAM_CR_2,ADAM cysteine-rich domain,468,532
ADAMTS12,ENSG00000151388,TSP_1,Thrombospondin type 1 domain,546,596
ADAMTS12,ENSG00000151388,ADAM_spacer1,ADAM-TS Spacer 1,702,813
ADAMTS12,ENSG00000151388,TSP_1,Thrombospondin type 1 domain,829,882
ADAMTS12,ENSG00000151388,TSP_1,Thrombospondin type 1 domain,887,927
ADAMTS12,ENSG00000151388,TSP_1,Thrombospondin type 1 domain,946,999
ADAMTS12,ENSG00000151388,TSP_1,Thrombospondin type 1 domain,1318,1365
ADAMTS12,ENSG00000151388,TSP_1,Thrombospondin type 1 domain,1369,1401
ADAMTS12,ENSG00000151388,TSP_1,Thrombospondin type 1 domain,1428,1472
ADAMTS12,ENSG00000151388,TSP_1,Thrombospondin type 1 domain,1475,1531
AMOT,ENSG00000126016,Angiomotin_C,Angiomotin C terminal,599,806
ASB18,ENSG00000182177,Ank_2,Ankyrin repeats (3 copies),124,215
ASB18,ENSG00000182177,Ank_2,Ankyrin repeats (3 copies),156,549
ASB18,ENSG00000182177,Ank_3,Ankyrin repeat,292,321
ASB18,ENSG00000182177,SOCS_box,SOCS box,421,460
ASTN1,ENSG00000152092,FXa_inhibition,Coagulation Factor Xa inhibitory site,660,707
ASTN1,ENSG00000152092,Annexin_like,Annexin-like domain,1153,1245
ASTN2,ENSG00000152092,FXa_inhibition,Coagulation Factor Xa inhibitory site,703,750
ASTN2,ENSG00000152092,MACPF,MAC/Perforin domain,853,964
ASTN2,ENSG00000152092,Annexin_like,Annexin-like domain,1190,1282
ASTN2,ENSG00000152092,ASTN_2_hairpin,Astrotactin-2 C-terminal beta-hairpin domain,1286,1332
ASXL1,ENSG00000171456,HARE-HTH,"HB1, ASXL, restriction endonuclease HTH domain",12,83
ASXL1,ENSG00000171456,ASXH,Asx homology domain,234,362
ASXL1,ENSG00000171456,PHD_3,"PHD domain of transcriptional enhancer, Asx",1480,1539
ATM,ENSG00000149311,TAN,Telomere-length maintenance and DNA damage repair,7,165
ATM,ENSG00000149311,FAT,FAT domain,2097,2488
ATM,ENSG00000149311,PI3_PI4_kinase,Phosphatidylinositol 3- and 4-kinase,2714,2961
ATM,ENSG00000149311,FATC,FATC domain,3025,3055
ATP11B,ENSG00000058063,PhoLip_ATPase_N,Phospholipid-translocating ATPase N-terminal,22,91
ATP11B,ENSG00000058063,E1-E2_ATPase,E1-E2 ATPase,118,369
ATP11B,ENSG00000058063,Cation_ATPase,Cation transport ATPase (P-type),468,607
ATP11B,ENSG00000058063,"PhoLip_ATPase_C	",Phospholipid-translocating P-type ATPase C-terminal,847,1100
ATRX,ENSG00000085224,SNF2_N,SNF2 family N-terminal domain,1563,1888
ATRX,ENSG00000085224,Helicase_C,Helicase conserved C-terminal domain,2079,2155
BCOR,ENSG00000183337,Ank_2,Ankyrin repeats (3 copies),1467,1558
BCORL1,ENSG00000085185,BCOR,"BCL-6 co-repressor, non-ankyrin-repeat region",1218,1464
BCORL1,ENSG00000085185,Ank_2,Ankyrin repeats (3 copies),1425,1519
BCORL1,ENSG00000085185,PUFD,BCORL-PCGF1-binding domain,1593,1710
BRINP3,ENSG00000162670,MACPF,MAC/Perforin domain,52,206
C14orf177,ENSG00000176605,DUF5544,Family of unknown function (DUF5544),1,125
C6orf118,ENSG00000112539,TSNAXIP1_N,Translin-associated factor X-interacting N-terminus,246,356
CA10,ENSG00000154975,Carb_anhydrase,Eukaryotic-type carbonic anhydrase,32,300
CALR,ENSG00000179218,Calreticulin,Calreticulin family,21,332
CBL,ENSG00000110395,Cbl_N,CBL proto-oncogene N-terminal domain 1,48,176
CBL,ENSG00000110395,Cbl_N2,"CBL proto-oncogene N-terminus, EF hand-like domain",178,262
CBL,ENSG00000110395,Cbl_N3,"CBL proto-oncogene N-terminus, SH2-like domain",264,349
CBL,ENSG00000110395,zf-C3HC4_3,"Zinc finger, C3HC4 type (RING finger)",380,424
CBL,ENSG00000110395,UBA,UBA/TS-N domain,861,892
CBLB,ENSG00000114423,Cbl_N,CBL proto-oncogene N-terminal domain 1,41,167
CBLB,ENSG00000114423,Cbl_N2,"CBL proto-oncogene N-terminus, EF hand-like domain",171,254
CBLB,ENSG00000114423,Cbl_N3,"CBL proto-oncogene N-terminus, SH2-like domain",256,341
CBLB,ENSG00000114423,Prok-RING_4,Prokaryotic RING finger family 4,373,421
CBLC,ENSG00000142273,Cbl_N,CBL proto-oncogene N-terminal domain 1,13,145
CBLC,ENSG00000142273,Cbl_N2,"CBL proto-oncogene N-terminus, EF hand-like domain",149,232
CBLC,ENSG00000142273,Cbl_N3,"CBL proto-oncogene N-terminus, SH2-like domain",234,319
CBLC,ENSG00000142273,Prok-RING_4,Prokaryotic RING finger family 4,351,399
CD226,ENSG00000150637,V-set,V-set domain,24,126
CD226,ENSG00000150637,V-set,V-set domain,136,241
CDH12,ENSG00000154162,Cadherin,Cadherin domain,59,151
CDH12,ENSG00000154162,Cadherin,Cadherin domain,165,260
CDH12,ENSG00000154162,Cadherin,Cadherin domain,274,376
CDH12,ENSG00000154162,Cadherin,Cadherin domain,389,480
CDH12,ENSG00000154162,Cadherin,Cadherin domain,493,590
CDH12,ENSG00000154162,Cadherin_C,Cadherin cytoplasmic region,638,785
CDH18,ENSG00000145526,Cadherin,Cadherin domain,59,150
CDH18,ENSG00000145526,Cadherin,Cadherin domain,164,259
CDH18,ENSG00000145526,Cadherin,Cadherin domain,273,374
CDH18,ENSG00000145526,Cadherin,Cadherin domain,388,479
CDH18,ENSG00000145526,Cadherin,Cadherin domain,492,589
CDH18,ENSG00000145526,Cadherin_C,Cadherin cytoplasmic region,637,784
CDH7,ENSG00000081138,Cadherin,Cadherin domain,53,144
CDH7,ENSG00000081138,Cadherin,Cadherin domain,158,253
CDH7,ENSG00000081138,Cadherin,Cadherin domain,267,369
CDH7,ENSG00000081138,Cadherin,Cadherin domain,382,473
CDH7,ENSG00000081138,Cadherin,Cadherin domain,486,583
CDH7,ENSG00000081138,Cadherin_C,Cadherin cytoplasmic region,631,779
CDH9,ENSG00000113100,Cadherin,Cadherin domain,59,150
CDH9,ENSG00000113100,Cadherin,Cadherin domain,164,259
CDH9,ENSG00000113100,Cadherin,Cadherin domain,273,375
CDH9,ENSG00000113100,Cadherin,Cadherin domain,388,479
CDH9,ENSG00000113100,Cadherin,Cadherin domain,492,589
CDH9,ENSG00000113100,Cadherin_C,Cadherin cytoplasmic region,637,784
CEBPA,ENSG00000245848,bZIP_2,Basic region leucine zipper,282,334
CHRM2,ENSG00000181072,7tm_1,7 transmembrane receptor (rhodopsin family),40,440
CNTNAP2,ENSG00000174469,F5_F8_type_C,F5/8 type C domain,47,478
CNTNAP2,ENSG00000174469,Laminin_G_2,Laminin G domain,216,345
CNTNAP2,ENSG00000174469,Laminin_G_2,Laminin G domain,401,529
CNTNAP2,ENSG00000174469,Laminin_G_2,Laminin G domain,827,945
CNTNAP2,ENSG00000174469,Laminin_G_2,Laminin G domain,1055,1187
CNTNAP5,ENSG00000155052,F5_F8_type_C,F5/8 type C domain,42,171
CNTNAP5,ENSG00000155052,Laminin_G_2,Laminin G domain,209,338
CNTNAP5,ENSG00000155052,Laminin_G_2,Laminin G domain,395,521
CNTNAP5,ENSG00000155052,Laminin_G_2,Laminin G domain,819,938
CNTNAP5,ENSG00000155052,Laminin_G_2,Laminin G domain,1044,1173
COL22A1,ENSG00000169436,VWA,von Willebrand factor type A domain,38,212
COL22A1,ENSG00000169436,Collagen,Collagen triple helix repeat (20 copies),522,600
COL22A1,ENSG00000169436,Collagen,Collagen triple helix repeat (20 copies),562,630
COL22A1,ENSG00000169436,Collagen,Collagen triple helix repeat (20 copies),695,773
COL22A1,ENSG00000169436,Collagen,Collagen triple helix repeat (20 copies),744,813
COL22A1,ENSG00000169436,Collagen,Collagen triple helix repeat (20 copies),798,856
COL22A1,ENSG00000169436,Collagen,Collagen triple helix repeat (20 copies),861,926
COL22A1,ENSG00000169436,Collagen,Collagen triple helix repeat (20 copies),1043,1100
COL22A1,ENSG00000169436,Collagen,Collagen triple helix repeat (20 copies),1116,1174
COL22A1,ENSG00000169436,Collagen,Collagen triple helix repeat (20 copies),1156,1226
COL22A1,ENSG00000169436,Collagen,Collagen triple helix repeat (20 copies),1249,1317
COL22A1,ENSG00000169436,Collagen,Collagen triple helix repeat (20 copies),1297,1364
COL22A1,ENSG00000169436,Collagen,Collagen triple helix repeat (20 copies),1401,1461
COL22A1,ENSG00000169436,Collagen,Collagen triple helix repeat (20 copies),1494,1553
CSF3R,ENSG00000119535,Lep_receptor_Ig,Ig-like C2-type domain,24,110
CSF3R,ENSG00000119535,fn3,Fibronectin type III domain,528,612
CSMD1,ENSG00000183117,CUB,CUB domain,32,137
CSMD1,ENSG00000183117,Sushi,Sushi repeat (SCR repeat),145,202
CSMD1,ENSG00000183117,CUB,CUB domain,208,309
CSMD1,ENSG00000183117,Sushi,Sushi repeat (SCR repeat),349,406
CSMD1,ENSG00000183117,CUB,CUB domain,411,519
CSMD1,ENSG00000183117,Sushi,Sushi repeat (SCR repeat),527,580
CSMD1,ENSG00000183117,CUB,CUB domain,584,689
CSMD1,ENSG00000183117,Sushi,Sushi repeat (SCR repeat),697,754
CSMD1,ENSG00000183117,CUB,CUB domain,758,863
CSMD1,ENSG00000183117,Sushi,Sushi repeat (SCR repeat),873,926
CSMD1,ENSG00000183117,CUB,CUB domain,930,1037
CSMD1,ENSG00000183117,Sushi,Sushi repeat (SCR repeat),1045,1100
CSMD1,ENSG00000183117,CUB,CUB domain,1104,1209
CSMD1,ENSG00000183117,Sushi,Sushi repeat (SCR repeat),1217,1273
CSMD1,ENSG00000183117,CUB,CUB domain,1277,1383
CSMD1,ENSG00000183117,Sushi,Sushi repeat (SCR repeat),1391,1447
CSMD1,ENSG00000183117,CUB,CUB domain,1451,1556
CSMD1,ENSG00000183117,Sushi,Sushi repeat (SCR repeat),1471,1798
CSMD1,ENSG00000183117,Sushi,Sushi repeat (SCR repeat),1564,1621
CSMD1,ENSG00000183117,CUB,CUB domain,1625,1730
CSMD1,ENSG00000183117,CUB,CUB domain,1802,1907
CSMD1,ENSG00000183117,Sushi,Sushi repeat (SCR repeat),1915,1970
CSMD1,ENSG00000183117,CUB,CUB domain,1974,2079
CSMD1,ENSG00000183117,Sushi,Sushi repeat (SCR repeat),2087,2142
CSMD1,ENSG00000183117,CUB,CUB domain,2146,2249
CSMD1,ENSG00000183117,Sushi,Sushi repeat (SCR repeat),2258,2315
CSMD1,ENSG00000183117,CUB,CUB domain,2319,2427
CSMD1,ENSG00000183117,Sushi,Sushi repeat (SCR repeat),2432,2490
CSMD1,ENSG00000183117,Sushi,Sushi repeat (SCR repeat),2495,2552
CSMD1,ENSG00000183117,Sushi,Sushi repeat (SCR repeat),2571,2617
CSMD1,ENSG00000183117,Sushi,Sushi repeat (SCR repeat),2622,2675
CSMD1,ENSG00000183117,Sushi,Sushi repeat (SCR repeat),2680,2733
CSMD1,ENSG00000183117,Sushi,Sushi repeat (SCR repeat),2738,2791
CSMD1,ENSG00000183117,Sushi,Sushi repeat (SCR repeat),2796,2854
CSMD1,ENSG00000183117,Sushi,Sushi repeat (SCR repeat),2859,2912
CSMD1,ENSG00000183117,Sushi,Sushi repeat (SCR repeat),2920,2973
CSMD1,ENSG00000183117,Sushi,Sushi repeat (SCR repeat),2978,3032
CSMD1,ENSG00000183117,Sushi,Sushi repeat (SCR repeat),3037,3092
CSMD1,ENSG00000183117,Sushi,Sushi repeat (SCR repeat),3097,3150
CSMD1,ENSG00000183117,Sushi,Sushi repeat (SCR repeat),3155,3208
CSMD1,ENSG00000183117,Sushi,Sushi repeat (SCR repeat),3216,3270
CSMD1,ENSG00000183117,Sushi,Sushi repeat (SCR repeat),3275,3330
CSMD3,ENSG00000164796,CUB,CUB domain,65,170
CSMD3,ENSG00000164796,Sushi,Sushi repeat (SCR repeat),178,235
CSMD3,ENSG00000164796,CUB,CUB domain,241,342
CSMD3,ENSG00000164796,Sushi,Sushi repeat (SCR repeat),486,543
CSMD3,ENSG00000164796,CUB,CUB domain,548,656
CSMD3,ENSG00000164796,Sushi,Sushi repeat (SCR repeat),664,717
CSMD3,ENSG00000164796,CUB,CUB domain,721,826
CSMD3,ENSG00000164796,Sushi,Sushi repeat (SCR repeat),834,891
CSMD3,ENSG00000164796,CUB,CUB domain,895,1000
CSMD3,ENSG00000164796,Sushi,Sushi repeat (SCR repeat),1010,1063
CSMD3,ENSG00000164796,CUB,CUB domain,1067,1174
CSMD3,ENSG00000164796,Sushi,Sushi repeat (SCR repeat),1182,1237
CSMD3,ENSG00000164796,CUB,CUB domain,1241,1346
CSMD3,ENSG00000164796,Sushi,Sushi repeat (SCR repeat),1354,1410
CSMD3,ENSG00000164796,CUB,CUB domain,1414,1520
CSMD3,ENSG00000164796,Sushi,Sushi repeat (SCR repeat),1528,1584
CSMD3,ENSG00000164796,CUB,CUB domain,1588,1693
CSMD3,ENSG00000164796,Sushi,Sushi repeat (SCR repeat),1701,1758
CSMD3,ENSG00000164796,CUB,CUB domain,1762,1867
CSMD3,ENSG00000164796,Sushi,Sushi repeat (SCR repeat),1878,1935
CSMD3,ENSG00000164796,CUB,CUB domain,1939,2044
CSMD3,ENSG00000164796,Sushi,Sushi repeat (SCR repeat),2052,2107
CSMD3,ENSG00000164796,CUB,CUB domain,2111,2216
CSMD3,ENSG00000164796,Sushi,Sushi repeat (SCR repeat),2224,2279
CSMD3,ENSG00000164796,CUB,CUB domain,2283,2387
CSMD3,ENSG00000164796,Sushi,Sushi repeat (SCR repeat),2395,2452
CSMD3,ENSG00000164796,CUB,CUB domain,2456,2564
CSMD3,ENSG00000164796,Sushi,Sushi repeat (SCR repeat),2569,2627
CSMD3,ENSG00000164796,Sushi,Sushi repeat (SCR repeat),2632,2689
CSMD3,ENSG00000164796,Sushi,Sushi repeat (SCR repeat),2694,2754
CSMD3,ENSG00000164796,Sushi,Sushi repeat (SCR repeat),2759,2812
CSMD3,ENSG00000164796,Sushi,Sushi repeat (SCR repeat),2817,2870
CSMD3,ENSG00000164796,Sushi,Sushi repeat (SCR repeat),2875,2928
CSMD3,ENSG00000164796,Sushi,Sushi repeat (SCR repeat),2933,2990
CSMD3,ENSG00000164796,Sushi,Sushi repeat (SCR repeat),2995,3048
CSMD3,ENSG00000164796,Sushi,Sushi repeat (SCR repeat),3056,3109
CSMD3,ENSG00000164796,Sushi,Sushi repeat (SCR repeat),3114,3168
CSMD3,ENSG00000164796,Sushi,Sushi repeat (SCR repeat),3173,3228
CSMD3,ENSG00000164796,Sushi,Sushi repeat (SCR repeat),3233,3286
CSMD3,ENSG00000164796,Sushi,Sushi repeat (SCR repeat),3291,3344
CSMD3,ENSG00000164796,Sushi,Sushi repeat (SCR repeat),3352,3406
CSMD3,ENSG00000164796,Sushi,Sushi repeat (SCR repeat),3411,3466
CTNNA2,ENSG00000066032,Vinculin,Vinculin family,18,337
CTNNA2,ENSG00000066032,Vinculin,Vinculin family,330,914
CTSS,ENSG00000163131,Inhibitor_I29,Cathepsin propeptide inhibitor domain (I29),28,88
CTSS,ENSG00000163131,Peptidase_C1,Papain family cysteine protease,115,330
CUX1,ENSG00000257923,CUT,CUT domain,547,624
CUX1,ENSG00000257923,CUT,CUT domain,939,1015
CUX1,ENSG00000257923,CUT,CUT domain,1122,1200
CUX1,ENSG00000257923,Homeodomain,Homeodomain,1245,1301
DCAF12L1,ENSG00000198889,Domains_Unknown,"No domains characterized in OncoKB, pFAM, UniProt",1,2
DCAF12L2,ENSG00000198354,WD40,"WD domain, G-beta repeat",185,221
DCAF4L2,ENSG00000176566,WD40,"WD domain, G-beta repeat",262,298
DCC,ENSG00000187323,I-set,Immunoglobulin I-set domain,140,230
DCC,ENSG00000187323,I-set,Immunoglobulin I-set domain,240,327
DCC,ENSG00000187323,I-set,Immunoglobulin I-set domain,331,417
DCC,ENSG00000187323,fn3,Fibronectin type III domain,430,514
DCC,ENSG00000187323,fn3,Fibronectin type III domain,529,610
DCC,ENSG00000187323,fn3,Fibronectin type III domain,624,708
DCC,ENSG00000187323,fn3,Fibronectin type III domain,727,807
DCC,ENSG00000187323,fn3,Fibronectin type III domain,845,932
DCC,ENSG00000187323,fn3,Fibronectin type III domain,946,1034
DCC,ENSG00000187323,Neogenin_C,Neogenin C-terminus,1148,1445
DDX1,ENSG00000079785,DEAD,DEAD/DEAH box helicase,26,418
DDX1,ENSG00000079785,SPRY,SPRY domain,132,245
DDX1,ENSG00000079785,Helicase_C,Helicase conserved C-terminal domain,488,610
DMD,ENSG00000198947,CH,Calponin homology (CH) domain,15,120
DMD,ENSG00000198947,CH,Calponin homology (CH) domain,134,241
DMD,ENSG00000198947,Spectrin,Spectrin repeat,339,447
DMD,ENSG00000198947,Spectrin,Spectrin repeat,448,556
DMD,ENSG00000198947,Spectrin,Spectrin repeat,721,828
DMD,ENSG00000198947,Spectrin,Spectrin repeat,830,934
DMD,ENSG00000198947,Spectrin,Spectrin repeat,942,1045
DMD,ENSG00000198947,Spectrin,Spectrin repeat,1048,1154
DMD,ENSG00000198947,Spectrin,Spectrin repeat,1157,1263
DMD,ENSG00000198947,Spectrin,Spectrin repeat,1571,1676
DMD,ENSG00000198947,Spectrin,Spectrin repeat,1679,1778
DMD,ENSG00000198947,Spectrin,Spectrin repeat,1877,1979
DMD,ENSG00000198947,Spectrin,Spectrin repeat,1998,2100
DMD,ENSG00000198947,Spectrin,Spectrin repeat,2104,2208
DMD,ENSG00000198947,Spectrin,Spectrin repeat,2211,2318
DMD,ENSG00000198947,Spectrin,Spectrin repeat,2471,2577
DMD,ENSG00000198947,Spectrin,Spectrin repeat,2580,2686
DMD,ENSG00000198947,Spectrin,Spectrin repeat,2689,2802
DMD,ENSG00000198947,Spectrin,Spectrin repeat,2934,3040
DMD,ENSG00000198947,WW,WW domain,3057,3086
DMD,ENSG00000198947,EF-hand_2,EF hand,3089,3207
DMD,ENSG00000198947,EF-hand_3,EF-hand,3211,3302
DMD,ENSG00000198947,ZZ,"Zinc finger, ZZ type",3307,3352
EGFLAM,ENSG00000164318,fn3,Fibronectin type III domain,36,126
EGFLAM,ENSG00000164318,fn3,FIbronectin type III domain,143,228
EGFLAM,ENSG00000164318,Laminin_G_1,Laminin G domain,415,546
EGFLAM,ENSG00000164318,EGF,EGF-like domain,564,600
EGFLAM,ENSG00000164318,Laminin_G_1,Laminin G domain,641,770
EGFLAM,ENSG00000164318,EGF,EGF-like domain,788,818
EGFLAM,ENSG00000164318,Laminin_G_2,Laminin G domain,868,996
ETV6,ENSG00000139083,SAM_PNT,Sterile alpha motif (SAM)/Pointed domain,40,123
ETV6,ENSG00000139083,Ets,Ets-domain,340,421
FAM135B,ENSG00000147724,DUF3657,Protein FAM135,111,172
FAM135B,ENSG00000147724,DUF676,Putative serine esterase (DUF676),1135,1331
FAM5C,ENSG00000162670,MACPF,MAC/Perforin domain,52,206
FBN2,ENSG00000138829,Fibrillin_U_N,Fibrillin 1 unique N-terminal domain,76,112
FBN2,ENSG00000138829,TB,TB domain,224,267
FBN2,ENSG00000138829,EGF_CA,Calcium-binding EGF domain,276,316
FBN2,ENSG00000138829,EGF_CA,Calcium-binding EGF domain,318,358
FBN2,ENSG00000138829,TB,TB domain,374,420
FBN2,ENSG00000138829,hEGF,Human growth factor-like EGF,505,525
FBN2,ENSG00000138829,EGF_CA,Calcium-binding EGF domain,535,573
FBN2,ENSG00000138829,EGF_CA,Calcium-binding EGF domain,575,615
FBN2,ENSG00000138829,cEGF,Complement Clr-like EGF-like,638,661
FBN2,ENSG00000138829,TB,TB domain,714,759
FBN2,ENSG00000138829,EGF_CA,Calcium-binding EGF domain,768,808
FBN2,ENSG00000138829,EGF_CA,Calcium-binding EGF domain,810,850
FBN2,ENSG00000138829,TB,TB domain,906,942
FBN2,ENSG00000138829,EGF_CA,Calcium-binding EGF domain,955,995
FBN2,ENSG00000138829,TB,TB domain,1011,1055
FBN2,ENSG00000138829,EGF_CA,Calcium-binding EGF domain,1073,1113
FBN2,ENSG00000138829,EGF_CA,Calcium-binding EGF domain,1115,1156
FBN2,ENSG00000138829,EGF_CA,Calcium-binding EGF domain,1158,1198
FBN2,ENSG00000138829,EGF_CA,Calcium-binding EGF domain,1200,1240
FBN2,ENSG00000138829,cEGF,Complement Clr-like EGF-like,1263,1286
FBN2,ENSG00000138829,EGF_CA,Calcium-binding EGF domain,1325,1365
FBN2,ENSG00000138829,EGF_CA,Calcium-binding EGF domain,1367,1406
FBN2,ENSG00000138829,EGF_CA,Calcium-binding EGF domain,1408,1447
FBN2,ENSG00000138829,EGF_CA,Calcium-binding EGF domain,1449,1489
FBN2,ENSG00000138829,EGF_CA,Calcium-binding EGF domain,1491,1530
FBN2,ENSG00000138829,EGF_CA,Calcium-binding EGF domain,1532,1572
FBN2,ENSG00000138829,TB,TB domain,1592,1636
FBN2,ENSG00000138829,EGF_CA,Calcium-binding EGF domain,1650,1690
FBN2,ENSG00000138829,TB,TB domain,1748,1794
FBN2,ENSG00000138829,EGF_CA,Calcium-binding EGF domain,1808,1848
FBN2,ENSG00000138829,EGF_CA,Calcium-binding EGF domain,1850,1890
FBN2,ENSG00000138829,EGF_CA,Calcium-binding EGF domain,1892,1932
FBN2,ENSG00000138829,EGF_CA,Calcium-binding EGF domain,1934,1971
FBN2,ENSG00000138829,EGF_CA,Calcium-binding EGF domain,1973,2014
FBN2,ENSG00000138829,cEGF,Complement Clr-like EGF-like,1996,2019
FBN2,ENSG00000138829,EGF_CA,Calcium-binding EGF domain,2056,2096
FBN2,ENSG00000138829,TB,TB domain,2112,2158
FBN2,ENSG00000138829,EGF_CA,Calcium-binding EGF domain,2171,2211
FBN2,ENSG00000138829,EGF_CA,Calcium-binding EGF domain,2213,2251
FBN2,ENSG00000138829,EGF_CA,Calcium-binding EGF domain,2253,2292
FBN2,ENSG00000138829,EGF_CA,Calcium-binding EGF domain,2294,2336
FBN2,ENSG00000138829,EGF_CA,Calcium-binding EGF domain,2338,2378
FBN2,ENSG00000138829,TB,TB domain,2396,2440
FBN2,ENSG00000138829,EGF_CA,Calcium-binding EGF domain,2449,2489
FBN2,ENSG00000138829,EGF_CA,Calcium-binding EGF domain,2491,2530
FBN2,ENSG00000138829,EGF_CA,Calcium-binding EGF domain,2532,2569
FBN2,ENSG00000138829,EGF_CA,Calcium-binding EGF domain,2571,2612
FBN2,ENSG00000138829,EGF_CA,Calcium-binding EGF domain,2614,2652
FBN2,ENSG00000138829,EGF_CA,Calcium-binding EGF domain,2654,2693
FBN2,ENSG00000138829,EGF_CA,Calcium-binding EGF domain,2695,2733
FBXL7,ENSG00000183580,F-box,F-box domain,112,159
FBXL7,ENSG00000183580,LRR_6,Leucine Rich repeat,296,320
FBXL7,ENSG00000183580,LRR_6,Leucine Rich repeat,374,398
FBXL7,ENSG00000183580,LRR_6,Leucine Rich repeat,400,424
FBXL7,ENSG00000183580,LRR_6,Leucine Rich repeat,426,447
FGD1,ENSG00000102302,RhoGEF,RhoGEF domain,377,559
FGD1,ENSG00000102302,PH,PH domain,591,688
FGD1,ENSG00000102302,FYVE,FYVE zinc finger,726,791
FGD1,ENSG00000102302,PH,PH domain,822,921
FRYL,ENSG00000075539,MOR2-PAG1_N,Cell morphogenesis N-terminal,117,646
FRYL,ENSG00000075539,MOR2-PAG1_mid,Cell morphogenesis central region,1145,1329
FRYL,ENSG00000075539,MOR2-PAG1_mid,Cell morphogenesis central region,1350,1447
FRYL,ENSG00000075539,MOR2-PAG1_mid,Cell morphogenesis central region,1590,1663
FRYL,ENSG00000075539,MOR2-PAG1_mid,Cell morphogenesis central region,1724,1865
FRYL,ENSG00000075539,MOR2-PAG1_C,Cell morphogenesis C-terminal,2001,2254
GABRA2,ENSG00000151834,Neur_chan_LBD,Neurotransmitter-gated ion-channel ligand binding domain,42,250
GABRA2,ENSG00000151834,Neur_chan_memb,Neurotransmitter-gated ion-channel transmembrane region,257,344
GABRA6,ENSG00000145863,Neur_chan_LBD,Neurotransmitter-gated ion-channel ligand binding domain,32,240
GABRA6,ENSG00000145863,Neur_chan_memb,Neurotransmitter-gated ion-channel transmembrane region,247,399
GATA1,ENSG00000102145,GATA,GATA zinc finger,204,238
GATA1,ENSG00000102145,GATA,GATA zinc finger,258,292
GATA2,ENSG00000179348,GATA,GATA zinc finger,295,329
GATA2,ENSG00000179348,GATA,GATA zinc finger,349,383
GRID1,ENSG00000182771,ANF_receptor,Receptor family ligand binding region,36,403
GRID1,ENSG00000182771,Lig_chan-Glu_bd,Ligated ion channel L-glutamate- and glycine-binding site,437,549
GRID1,ENSG00000182771,Lig_chan,Ligand-gated ion channel,562,842
GRIK3,ENSG00000163873,ANF_receptor,Receptor family ligand binding region,55,401
GRIK3,ENSG00000163873,Lig_chan-Glu_bd,Ligated ion channel L-glutamate- and glycine-binding site,434,548
GRIK3,ENSG00000163873,Lig_chan,Ligand-gated ion channel,562,832
GRM8,ENSG00000179603,ANF_receptor,Receptor family ligand binding region,74,480
GRM8,ENSG00000179603,NCD3G,Nine Cysteines Domain of family 3 GPCR,512,562
GRM8,ENSG00000179603,7tm_3,7 transmembrane sweet-taste receptor of 3 GCPR,595,840
HAX1,ENSG00000143575,Domains_Unknown,"No domains characterized in OncoKB, pFAM, UniProt",1,2
HCN1,ENSG00000164588,Ion_trans_N,Ion transport protein N-terminal,98,141
HCN1,ENSG00000164588,Ion_trans,Ion transport protein,142,405
HCN1,ENSG00000164588,cNMP_binding,Cyclic nucleotide-binding domain,493,576
HTR1A,ENSG00000178394,7tm_1,7 transmembrane receptor (rhodopsin family),53,400
IFLTD1,ENSG00000152936,LTD,Lamin Tail Domain,141,254
IGFL3,ENSG00000188624,IGFL,Insulin growth factor-like family,33,115
IKZF1,ENSG00000185811,zf_C2H2,"Zinc finger, C2H2 type",145,167
IKZF1,ENSG00000185811,zf_C2H2,"Zinc finger, C2H2 type",173,195
IKZF1,ENSG00000185811,zf_C2H2,"Zinc finger, C2H2 type",201,224
IQCJ-SCHIP1,ENSG00000283154,"IQCJ-SCHIP1	",Fusion protein IQCJ-SCHIP1 with IQ-like motif,4,142
IQCJ-SCHIP1,ENSG00000283154,SCHIP-1,Schwannomin-interacting protein 1,331,560
KCND2,ENSG00000184408,Shal-type,"Shal-type voltage-gated potassium channels, N-terminal",3,31
KCND2,ENSG00000184408,BTB_2,BTB/POZ domain,43,132
KCND2,ENSG00000184408,Ion_trans,Ion transport protein,184,417
KCND2,ENSG00000184408,DUF3399,Domain of unknown function (DUF3399),445,546
KCNJ3,ENSG00000162989,IRK,Inward rectifier potassium channel transmembrane domain,47,187
KCNJ3,ENSG00000162989,IRK_C,Inward rectifier potassium channel C-terminal domain,194,365
KCNT2,ENSG00000162687,"Ion_trans_2	",Ion channel,199,282
KCNT2,ENSG00000162687,BK_channel_a,Calcium-activated BK potassium channel alpha subunit,424,526
KDM6A,ENSG00000147050,TPR_11,TPR repeat,128,194
KDM6A,ENSG00000147050,TPR_8,Tetratricopeptide repeat,207,234
KDM6A,ENSG00000147050,TPR_17,Tetratricopeptide repeat,273,303
KDM6A,ENSG00000147050,TPR_11,TPR repeat,318,378
KDM6A,ENSG00000147050,JmjC,"JmjC domain, hydroxylase",1133,1241
KLHL1,ENSG00000150361,BTB,BTB/POZ domain,202,309
KLHL1,ENSG00000150361,BACK,BTB And C-terminal Kelch,314,415
KLHL1,ENSG00000150361,Kelch_1,Kelch motif,459,493
KLHL1,ENSG00000150361,Kelch_1,Kelch motif,495,540
KLHL1,ENSG00000150361,Kelch_1,Kelch motif,542,587
KLHL1,ENSG00000150361,Kelch_1,Kelch motif,589,633
KLHL1,ENSG00000150361,Kelch_1,Kelch motif,636,687
KLHL1,ENSG00000150361,Kelch_1,Kelch motif,689,734
KMT2A,ENSG00000118058,zf-CXXC,CXXC zinc finger domain,1148,1194
KMT2A,ENSG00000118058,PHD,PHD-finger,1481,1532
KMT2A,ENSG00000118058,PHD,PHD-finger,1568,1629
KMT2A,ENSG00000118058,zf-HC5HC2H,PHD-like zinc-binding domain,1903,1981
KMT2A,ENSG00000118058,FYRN,F/Y-rich N-terminus,2026,2075
KMT2A,ENSG00000118058,FYRC,F/Y rich C-terminus,3670,3752
KMT2A,ENSG00000118058,SET,SET domain,3843,3947
LANCL2,ENSG00000132434,"LANC_like	",Lanthionine synthetase C-like protein,96,444
LPL,ENSG00000175445,Lipase,Lipase,14,338
LPL,ENSG00000175445,PLAT,PLAT/LH2 domain,343,463
LPPR4,ENSG00000117600,PAP2,PAP2 superfamily,178,330
LRFN5,ENSG00000165379,LRR_5,BspA type Leucine rich repeat region (6 copies),64,198
LRFN5,ENSG00000165379,I-set,Immunoglobulin I-set domain,287,374
LRP1B,ENSG00000168702,Ldl_recept_a,Low-density lipoprotein receptor domain class A,30,69
LRP1B,ENSG00000168702,Ldl_recept_a,Low-density lipoprotein receptor domain class A,75,113
LRP1B,ENSG00000168702,EGF_CA,Calcium-binding EGF domain,155,193
LRP1B,ENSG00000168702,Ldl_recept_b,Low-density lipoprotein receptor repeat class B,295,335
LRP1B,ENSG00000168702,Ldl_recept_b,Low-density lipoprotein receptor repeat class B,568,608
LRP1B,ENSG00000168702,Ldl_recept_b,Low-density lipoprotein receptor repeat class B,611,654
LRP1B,ENSG00000168702,Ldl_recept_b,Low-density lipoprotein receptor repeat class B,657,704
LRP1B,ENSG00000168702,Fxa_inhibition,Coagulation Factor Xa inhibitory site,798,833
LRP1B,ENSG00000168702,Ldl_recept_a,Low-density lipoprotein receptor domain class A,843,881
LRP1B,ENSG00000168702,Ldl_recept_a,Low-density lipoprotein receptor domain class A,884,922
LRP1B,ENSG00000168702,Ldl_recept_a,Low-density lipoprotein receptor domain class A,925,962
LRP1B,ENSG00000168702,Ldl_recept_a,Low-density lipoprotein receptor domain class A,965,1002
LRP1B,ENSG00000168702,Ldl_recept_a,Low-density lipoprotein receptor domain class A,1004,1042
LRP1B,ENSG00000168702,Ldl_recept_a,Low-density lipoprotein receptor domain class A,1051,1088
LRP1B,ENSG00000168702,Ldl_recept_a,Low-density lipoprotein receptor domain class A,1093,1131
LRP1B,ENSG00000168702,Fxa_inhibition,Coagulation Factor Xa inhibitory site,1176,1212
LRP1B,ENSG00000168702,Ldl_recept_b,Low-density lipoprotein receptor repeat class B,1347,1387
LRP1B,ENSG00000168702,Ldl_recept_b,Low-density lipoprotein receptor repeat class B,1390,1434
LRP1B,ENSG00000168702,Ldl_recept_b,Low-density lipoprotein receptor repeat class B,1618,1658
LRP1B,ENSG00000168702,Fxa_inhibition,Coagulation Factor Xa inhibitory site,1838,1874
LRP1B,ENSG00000168702,Ldl_recept_b,Low-density lipoprotein receptor repeat class B,1965,2005
LRP1B,ENSG00000168702,Ldl_recept_b,Low-density lipoprotein receptor repeat class B,2008,2049
LRP1B,ENSG00000168702,Ldl_recept_b,Low-density lipoprotein receptor repeat class B,2330,2372
LRP1B,ENSG00000168702,Ldl_recept_a,Low-density lipoprotein receptor domain class A,2508,2547
LRP1B,ENSG00000168702,Ldl_recept_a,Low-density lipoprotein receptor domain class A,2550,2586
LRP1B,ENSG00000168702,Ldl_recept_a,Low-density lipoprotein receptor domain class A,2589,2625
LRP1B,ENSG00000168702,Ldl_recept_a,Low-density lipoprotein receptor domain class A,2641,2674
LRP1B,ENSG00000168702,Ldl_recept_a,Low-density lipoprotein receptor domain class A,2680,2716
LRP1B,ENSG00000168702,Ldl_recept_a,Low-density lipoprotein receptor domain class A,2718,2756
LRP1B,ENSG00000168702,Ldl_recept_a,Low-density lipoprotein receptor domain class A,2759,2799
LRP1B,ENSG00000168702,Ldl_recept_a,Low-density lipoprotein receptor domain class A,2803,2840
LRP1B,ENSG00000168702,Ldl_recept_a,Low-density lipoprotein receptor domain class A,2843,2884
LRP1B,ENSG00000168702,Ldl_recept_a,Low-density lipoprotein receptor domain class A,2889,2925
LRP1B,ENSG00000168702,cEGF,Complement Clr-like EGF-like,2948,2971
LRP1B,ENSG00000168702,DUF5050,Domain of unknown function (DUF5050),3007,3241
LRP1B,ENSG00000168702,FXa_inhibition,Coagulation Factor Xa inhibitory site,3277,3313
LRP1B,ENSG00000168702,Ldl_recept_a,Low-density lipoprotein receptor domain class A,3315,3352
LRP1B,ENSG00000168702,Ldl_recept_a,Low-density lipoprotein receptor domain class A,3355,3391
LRP1B,ENSG00000168702,Ldl_recept_a,Low-density lipoprotein receptor domain class A,3394,3431
LRP1B,ENSG00000168702,Ldl_recept_a,Low-density lipoprotein receptor domain class A,3434,3471
LRP1B,ENSG00000168702,Ldl_recept_a,Low-density lipoprotein receptor domain class A,3474,3510
LRP1B,ENSG00000168702,Ldl_recept_a,Low-density lipoprotein receptor domain class A,3513,3549
LRP1B,ENSG00000168702,Ldl_recept_a,Low-density lipoprotein receptor domain class A,3551,3587
LRP1B,ENSG00000168702,Ldl_recept_a,Low-density lipoprotein receptor domain class A,3592,3628
LRP1B,ENSG00000168702,Ldl_recept_a,Low-density lipoprotein receptor domain class A,3630,3667
LRP1B,ENSG00000168702,Ldl_recept_a,Low-density lipoprotein receptor domain class A,3672,3710
LRP1B,ENSG00000168702,Ldl_recept_a,Low-density lipoprotein receptor domain class A,3760,3796
LRP1B,ENSG00000168702,EGF_CA,Calcium-binding EGF domain,3844,3880
LRP1B,ENSG00000168702,Ldl_recept_b,Low-density lipoprotein receptor repeat class B,4039,4080
LRP1B,ENSG00000168702,EGF,EGF-like domain,4253,4283
LRRIQ3,ENSG00000162620,LRR_4,Leucine Rich repeats (2 copies),72,119
LRRTM1,ENSG00000162951,LRR_8,Leucine rich repeat,113,173
LRRTM1,ENSG00000162951,LRR_8,Leucine rich repeat,161,221
LRRTM1,ENSG00000162951,LRR_8,Leucine rich repeat,256,315
LRRTM4,ENSG00000176204,LRR_8,Leucine rich repeat,64,121
LRRTM4,ENSG00000176204,LRR_8,Leucine rich repeat,109,167
LRRTM4,ENSG00000176204,LRR_8,Leucine rich repeat,133,193
LRRTM4,ENSG00000176204,LRR_8,Leucine rich repeat,157,217
LRRTM4,ENSG00000176204,LRR_8,Leucine rich repeat,229,289
MARCH1,ENSG00000145416,RINGv,RING-variant domain,80,126
MCCC1,ENSG00000078070,"Biotin_carb_N	","Biotin carboxylase, N-terminal domain",48,157
MCCC1,ENSG00000078070,CPSase_L_D2,"Carbamoyl-phosphate synthase L chain, ATP binding domain",163,371
MCCC1,ENSG00000078070,Biotin_carb_C,Biotin carboxylase C-terminal domain,383,491
MCCC1,ENSG00000078070,Biotin_lipoyl,Biotin-requiring enzyme,650,714
MCF2L2,ENSG00000053524,CRAL_TRIO_2,Divergent CRAL/TRIO domain,60,194
MCF2L2,ENSG00000053524,RhoGEF,RhoGEF domain,623,819
MCL1,ENSG00000143384,Bcl-2,"Apoptosis regulator proteins, Bcl-2 family",213,312
MECOM,ENSG00000085276,zf-C2H2,"Zinc finger, C2H2 type",263,285
MECOM,ENSG00000085276,zf-C2H2,"Zinc finger, C2H2 type",291,313
MECOM,ENSG00000085276,zf-C2H2,"Zinc finger, C2H2 type",319,342
MECOM,ENSG00000085276,zf-C2H2,"Zinc finger, C2H2 type",348,370
MECOM,ENSG00000085276,zf-C2H2,"Zinc finger, C2H2 type",376,398
MECOM,ENSG00000085276,zf-C2H2,"Zinc finger, C2H2 type",405,426
MECOM,ENSG00000085276,zf-C2H2,"Zinc finger, C2H2 type",912,934
MECOM,ENSG00000085276,zf-C2H2,"Zinc finger, C2H2 type",940,963
MECOM,ENSG00000085276,zf-C2H2,"Zinc finger, C2H2 type",969,991
MKRN3,ENSG00000179455,zf-CCCH_4,CCCH-type zinc finger,99,120
MKRN3,ENSG00000179455,zf-C3HC4,"Zinc finger, C3HC4 type (RING finger)",311,364
MKRN3,ENSG00000179455,MKRN1_C,"E3 ubiquitin-protein ligase makorin-1, C-terminal",432,505
MRGPRD,ENSG00000172938,7tm_1,7 transmembrane receptor (rhodopsin family),44,276
MS4A3,ENSG00000149516,CD20,CD20-like family,50,196
MYEOV,ENSG00000172927,Domains_Unknown,"No domains characterized in OncoKB, pFAM, UniProt",1,2
NAV3,ENSG00000067798,CH,Calponin homology (CH) domain,77,185
NAV3,ENSG00000067798,AAA,ATPase family associated with various cellular activities (AAA),2052,2184
NCAM1,ENSG00000149294,I-set,Immunoglobulin I-set domain,20,114
NCAM1,ENSG00000149294,Ig_3,Immunoglobulin domain,119,192
NCAM1,ENSG00000149294,I-set,Immunoglobulin I-set domain,214,304
NCAM1,ENSG00000149294,Ig_3,Immunoglobulin domain,307,399
NCAM1,ENSG00000149294,I-set,Immunoglobulin I-set domain,418,505
NCAM1,ENSG00000149294,fn3,FIbronectin type III domain,508,598
NCAM1,ENSG00000149294,fn3,Fibronectin type III domain,610,696
NETO1,ENSG00000166342,CUB,CUB domain,41,152
NETO1,ENSG00000166342,CUB,CUB domain,172,284
NETO1,ENSG00000166342,Ldl_recept_a,Low-density lipoprotein receptor domain class A,290,326
NKD2,ENSG00000145506,CA,Calcium-binding,132,144
NLRP3,ENSG00000162711,PYRIN,PAAD/DAPIN/Pyrin domain,9,85
NLRP3,ENSG00000162711,FISNA,Fish-specific NACHT associated domain,140,210
NLRP3,ENSG00000162711,NACHT,NACHT domain,220,389
NLRP3,ENSG00000162711,NOD2_WH,NOD2 winged helix domain,464,520
NLRP3,ENSG00000162711,NLRC4_HD2,NLRC4 helical domain HD2,522,645
NLRP3,ENSG00000162711,LRR_6,Leucine Rich repeat,739,762
NLRP3,ENSG00000162711,LRR_6,Leucine rich repeat,796,819
NT5C1A,ENSG00000116981,5-nucleotidase,5'-nucleotidase,81,353
PABPC4,ENSG00000090621,RRM_1,"RNA recognition motif. (a.k.a. RRM, RBD, or RNP domain)",13,83
PABPC4,ENSG00000090621,RRM_1,"RNA recognition motif. (a.k.a. RRM, RBD, or RNP domain)",101,168
PABPC4,ENSG00000090621,RRM_1,"RNA recognition motif. (a.k.a. RRM, RBD, or RNP domain)",193,261
PABPC4,ENSG00000090621,RRM_1,"RNA recognition motif. (a.k.a. RRM, RBD, or RNP domain)",296,364
PABPC4,ENSG00000090621,PABP,"Poly-adenylate binding protein, unique domain",556,623
PAK7,ENSG00000101349,PBD,P21-Rho-binding domain,10,66
PAK7,ENSG00000101349,Pkinase,Protein kinase domain,449,700
PARK2,ENSG00000185345,ubiquitin,Ubiquitin family,3,73
PARK2,ENSG00000185345,zf-RING_12,RING/Ubox like zinc-binding domain,145,217
PARK2,ENSG00000185345,zf-RING_14,RING/Ubox like zinc-binding domain,228,318
PARK2,ENSG00000185345,IBR,"IBR domain, a half RING-finger domain",399,458
PDYN,ENSG00000101327,Opiods_neuropep,Vertebrate endogenous opioids neuropeptide,21,67
PDZRN3,ENSG00000121440,"zf-C3HC4_2	","Zinc finger, C3HC4 type (RING finger)",17,56
PDZRN3,ENSG00000121440,PDZ,PDZ domain,249,336
PDZRN3,ENSG00000121440,PDZ,PDZ domain,419,501
PHC3,ENSG00000173889,SAM_1,SAM domain (Sterile alpha motif),917,981
PHF6,ENSG00000156531,zf-HC5HC2H,PHD-like zinc-binding domain,42,132
PHF6,ENSG00000156531,zf-HC5HC2H,PHD-like zinc-binding domain,239,330
PKLR,ENSG00000143627,PK,"Pyruvate kinase, barrel domain",85,438
PKLR,ENSG00000143627,PK_C,"Pyruvate kinase, alpha/beta domain",453,571
POLDIP2,ENSG00000004142,YccV-like,Hemimethylated DNA-binding protein YccV like,75,208
POLDIP2,ENSG00000004142,DUF525,ApaG domain,252,338
POM121L12,ENSG00000221900,POM121,POM121 family,193,247
PTPRD,ENSG00000153707,I-set,Immunoglobulin I-set domain,24,115
PTPRD,ENSG00000153707,I-set,Immunoglobulin I-set domain,126,225
PTPRD,ENSG00000153707,Ig_3,Immunoglobulin domain,235,306
PTPRD,ENSG00000153707,fn3,Fibronectin type III domain,324,405
PTPRD,ENSG00000153707,fn3,Fibronectin type III domain,419,504
PTPRD,ENSG00000153707,fn3,Fibronectin type III domain,517,597
PTPRD,ENSG00000153707,fn3,Fibronectin type III domain,611,699
PTPRD,ENSG00000153707,fn3,Fibronectin type III domain,713,812
PTPRD,ENSG00000153707,fn3,Fibronectin type III domain,825,907
PTPRD,ENSG00000153707,fn3,Fibronectin type III domain,920,1006
PTPRD,ENSG00000153707,Y_phosphatase,Protein-tyrosine phosphatase,1380,1611
PTPRD,ENSG00000153707,Y_phosphatase,Protein-tyrosine phosphatase,1669,1902
RAD21,ENSG00000164754,Rad21_Rec8_N,N terminus of Rad21 / Rec8 like protein,1,111
RAD21,ENSG00000164754,Rad21_Rec8,Conserved region of Rad21 / Rec8 like protein,575,628
REG3A,ENSG00000172016,Lectin_C,Lectin C-type domain,57,173
RFX5,ENSG00000143390,RFX5_N,RFX5 N-terminal domain,28,86
RFX5,ENSG00000143390,RFX_DNA_binding,RFX DNA-binding domain,89,168
RFX5,ENSG00000143390,RFX5_DNA_bdg,RFX5 DNA-binding domain,396,614
RIT2,ENSG00000152214,Ras,Ras family,22,183
RLF,ENSG00000117000,zf-C2H2,"Zinc finger, C2H2 type",1172,1195
ROBO1,ENSG00000169855,Ig_3,Immunoglobulin domain,67,151
ROBO1,ENSG00000169855,I-set,Immunoglobulin I-set domain,170,258
ROBO1,ENSG00000169855,I-set,Immunoglobulin I-set domain,262,347
ROBO1,ENSG00000169855,Ig_3,Immunoglobulin domain,350,432
ROBO1,ENSG00000169855,Ig_3,Immunoglobulin domain,454,529
ROBO1,ENSG00000169855,fn3,FIbronectin type III domain,562,646
ROBO1,ENSG00000169855,fn3,FIbronectin type III domain,678,758
ROBO1,ENSG00000169855,fn3,FIbronectin type III domain,777,864
RUNX1,ENSG00000159216,Runt,Runt domain,76,209
RUNX1,ENSG00000159216,RunxI,Runx inhibition domain,386,480
S100A7,ENSG00000143556,S_100,S-100/ICaBP type calcium binding domain,6,45
SAMD7,ENSG00000187033,SAM_1,SAM domain (Sterile alpha motif),325,388
SEMA6C,ENSG00000143434,Sema,Sema domain,67,479
SERPINB3,ENSG00000057149,Serpin,Serpin (serine protease inhibitor),6,390
SKP2,ENSG00000145604,F-box-like,F-box-like,97,143
SLC14A2,ENSG00000132874,UT,Urea transporter,119,414
SLC14A2,ENSG00000132874,UT,Urea transporter,581,876
SLC1A3,ENSG00000079215,SDF,Sodium:dicarboxylate symporter family,50,497
SLC45A2,ENSG00000164175,MFS_2,MFS/sugar transport protein,37,256
SLC8A1,ENSG00000183023,Na_Ca_ex,Sodium/calcium exchanger protein,80,251
SLC8A1,ENSG00000183023,Na_Ca_ex_C,C-terminal extension of sodium/calcium exchanger domain,254,389
SLC8A1,ENSG00000183023,Calx-beta,Calx-beta domain,396,496
SLC8A1,ENSG00000183023,Calx-beta,Calx-beta domain,527,627
SLC8A1,ENSG00000183023,Na_Ca_ex,Sodium/calcium exchanger protein,799,964
SLIT3,ENSG00000184347,LRRNT,Leucine rich repeat N-terminal domain,33,60
SLIT3,ENSG00000184347,LRR_8,Leucine rich repeat,61,121
SLIT3,ENSG00000184347,LRR_8,Leucine rich repeat,109,169
SLIT3,ENSG00000184347,LRR_8,Leucine rich repeat,157,217
SLIT3,ENSG00000184347,LRRCT,Leucine rich repeat C-terminal domain,239,264
SLIT3,ENSG00000184347,LRRNT,Leucine rich repeat N-terminal domain,279,306
SLIT3,ENSG00000184347,LRR_8,Leucine rich repeat,307,367
SLIT3,ENSG00000184347,LRR_8,Leucine rich repeat,331,391
SLIT3,ENSG00000184347,LRRCT,Leucine rich repeat C-terminal domain,461,486
SLIT3,ENSG00000184347,LRR_8,Leucine rich repeat,532,593
SLIT3,ENSG00000184347,LRR_8,Leucine rich repeat,581,640
SLIT3,ENSG00000184347,LRR_8,Leucine rich repeat,605,665
SLIT3,ENSG00000184347,LRRCT,Leucine rich repeat C-terminal domain,687,712
SLIT3,ENSG00000184347,LRRNT,Leucine rich repeat N-terminal domain,724,751
SLIT3,ENSG00000184347,LRR_8,Leucine rich repeat,752,811
SLIT3,ENSG00000184347,LRR_8,Leucine rich repeat,799,859
SLIT3,ENSG00000184347,LRRCT,Leucine rich repeat C-terminal domain,881,906
SLIT3,ENSG00000184347,hEGF,Human growth factor-like EGF,925,944
SLIT3,ENSG00000184347,EGF,EGF-like domain,959,992
SLIT3,ENSG00000184347,EGF,EGF-like domain,1000,1030
SLIT3,ENSG00000184347,EGF,EGF-like domain,1038,1070
SLIT3,ENSG00000184347,EGF,EGF-like domain,1078,1108
SLIT3,ENSG00000184347,EGF,EGF-like domain,1123,1153
SLIT3,ENSG00000184347,Laminin_G_2,Laminin G domain,1186,1314
SLIT3,ENSG00000184347,EGF,EGF-like domain,1371,1401
SLITRK1,ENSG00000178235,LRR_8,Leucine Rich repeat,82,142
SLITRK1,ENSG00000178235,LRR_8,Leucine Rich repeat,132,189
SMARCB1,ENSG00000099956,SNF5,SNF5 / SMARCB1 / INI1,179,373
SMC3,ENSG00000108055,SMC_N,RecF/RecN/SMC N terminal domain,2,1197
SMC3,ENSG00000108055,SMC_hinge,SMC proteins Flexible Hinge Domain,529,643
SPTA1,ENSG00000163554,Spectrin,Spectrin repeat,53,156
SPTA1,ENSG00000163554,Spectrin,Spectrin repeat,158,262
SPTA1,ENSG00000163554,Spectrin,Spectrin repeat,264,368
SPTA1,ENSG00000163554,Spectrin,Spectrin repeat,370,474
SPTA1,ENSG00000163554,Spectrin,Spectrin repeat,476,580
SPTA1,ENSG00000163554,Spectrin,Spectrin repeat,582,685
SPTA1,ENSG00000163554,Spectrin,Spectrin repeat,687,791
SPTA1,ENSG00000163554,Spectrin,Spectrin repeat,793,897
SPTA1,ENSG00000163554,Spectrin,Spectrin repeat,899,979
SPTA1,ENSG00000163554,SH3_1,SH3 domain,983,1028
SPTA1,ENSG00000163554,Spectrin,Spectrin repeat,1082,1181
SPTA1,ENSG00000163554,Spectrin,Spectrin repeat,1183,1287
SPTA1,ENSG00000163554,Spectrin,Spectrin repeat,1289,1393
SPTA1,ENSG00000163554,Spectrin,Spectrin repeat,1395,1498
SPTA1,ENSG00000163554,Spectrin,Spectrin repeat,1500,1605
SPTA1,ENSG00000163554,Spectrin,Spectrin repeat,1607,1711
SPTA1,ENSG00000163554,Spectrin,Spectrin repeat,1713,1817
SPTA1,ENSG00000163554,Spectrin,Spectrin repeat,1819,1926
SPTA1,ENSG00000163554,Spectrin,Spectrin repeat,1928,2033
SPTA1,ENSG00000163554,Spectrin,Spectrin repeat,2043,2147
SPTA1,ENSG00000163554,Spectrin,Spectrin repeat,2157,2258
SPTA1,ENSG00000163554,EFhand_Ca_insen,Ca2+ insensitive EF hand,2350,2418
ST6GAL2,ENSG00000144057,Glyco_transf_29,Glycosyltransferase family 29 (sialyltransferase),271,504
STAG2,ENSG00000101972,STAG,STAG domain,154,273
SYT4,ENSG00000132872,C2,C2 domain,168,274
SYT4,ENSG00000132872,C2,C2 domain,302,408
TET2,ENSG00000168769,Tet_JBP,Oxygenase domain of the 2OGFeDO superfamily,1290,1905
TG,ENSG00000042832,Thyroglobulin_1,Thyroglobulin type-1 repeat,34,92
TG,ENSG00000042832,Thyroglobulin_1,Thyroglobulin type-1 repeat,96,160
TG,ENSG00000042832,Thyroglobulin_1,Thyroglobulin type-1 repeat,171,251
TG,ENSG00000042832,Thyroglobulin_1,Thyroglobulin type-1 repeat,301,358
TG,ENSG00000042832,Thyroglobulin_1,Thyroglobulin type-1 repeat,597,658
TG,ENSG00000042832,Thyroglobulin_1,Thyroglobulin type-1 repeat,662,726
TG,ENSG00000042832,Thyroglobulin_1,Thyroglobulin type-1 repeat,730,801
TG,ENSG00000042832,Thyroglobulin_1,Thyroglobulin type-1 repeat,1006,1073
TG,ENSG00000042832,Thyroglobulin_1,Thyroglobulin type-1 repeat,1077,1149
TG,ENSG00000042832,Thyroglobulin_1,Thyroglobulin type-1 repeat,1147,1210
TG,ENSG00000042832,Ephrin_rec_like,Putative ephrin-receptor like,1465,1510
TG,ENSG00000042832,COesterase,Carboxylesterase family,2197,2718
TGFBR3,ENSG00000069702,Zona_pellucida,Zona pellucida-like domain,456,724
TIMM8B,ENSG00000150779,zf-Tim10_DDP,Tim10/DDP family zinc finger,14,76
TNN,ENSG00000120332,EGF_Tenascin,Tenascin EGF domain,170,198
TNN,ENSG00000120332,fn3,Fibronectin type III domain,263,343
TNN,ENSG00000120332,fn3,Fibronectin type III domain,356,434
TNN,ENSG00000120332,fn3,Fibronectin type III domain,444,522
TNN,ENSG00000120332,fn3,Fibronectin type III domain,532,611
TNN,ENSG00000120332,fn3,Fibronectin type III domain,621,699
TNN,ENSG00000120332,fn3,Fibronectin type III domain,709,788
TNN,ENSG00000120332,fn3,Fibronectin type III domain,798,876
TNN,ENSG00000120332,fn3,Fibronectin type III domain,886,964
TNN,ENSG00000120332,fn3,Fibronectin type III domain,974,1051
TNN,ENSG00000120332,Fibrinogen_C,"Fibrinogen beta and gamma chains, C-terminal globular domain",1066,1277
TNR,ENSG00000116147,EGF_Tenascin,Tenascin EGF domain,203,231
TNR,ENSG00000116147,EGF_Tenascin,Tenascin EGF domain,234,262
TNR,ENSG00000116147,EGF_2,EGF-like domain,297,323
TNR,ENSG00000116147,fn3,Fibronectin type III domain,327,404
TNR,ENSG00000116147,fn3,Fibronectin type III domain,416,496
TNR,ENSG00000116147,fn3,Fibronectin type III domain,505,585
TNR,ENSG00000116147,fn3,Fibronectin type III domain,595,677
TNR,ENSG00000116147,fn3,Fibronectin type III domain,687,766
TNR,ENSG00000116147,fn3,Fibronectin type III domain,775,855
TNR,ENSG00000116147,fn3,Fibronectin type III domain,865,944
TNR,ENSG00000116147,fn3,Fibronectin type III domain,954,1033
TNR,ENSG00000116147,fn3,Fibronectin type III domain,1042,1121
TNR,ENSG00000116147,Fibrinogen_C,"Fibrinogen beta and gamma chains, C-terminal globular domain",1134,1343
TPCN2,ENSG00000162341,Ion_trans,Ion transport protein,84,318
TPCN2,ENSG00000162341,Ion_trans,Ion transport protein,431,699
TRIM58,ENSG00000162722,zf-C3HC4_4,"zinc finger of C3HC4-type, RING",16,60
TRIM58,ENSG00000162722,zf-B_box,B-box zinc finger,91,132
TRIM58,ENSG00000162722,PRY,SPRY-associated domain,293,341
TRIM58,ENSG00000162722,SPRY,SPRY domain,345,454
TRIP13,ENSG00000071539,AAA,ATPase family associated with various cellular activities (AAA),175,321
TRPC5,ENSG00000072315,Ank_2,Ankyrin repeats (3 copies),36,127
TRPC5,ENSG00000072315,TRP_2,Transient receptor ion channel II,176,238
TRPC5,ENSG00000072315,Ion_trans,Ion transport protein,363,636
UGT3A2,ENSG00000168671,UDPGT,UDP-glucoronosyl and UDP-glucosyl transferase,23,520
VSTM2A,ENSG00000170419,V-set,Immunoglobulin V-set domain,31,147
WDR7,ENSG00000091157,WD40,"WD domain, G-beta repeat",14,47
WDR7,ENSG00000091157,WD40,"WD domain, G-beta repeat",54,95
WDR7,ENSG00000091157,WD40,"WD domain, G-beta repeat",454,498
WDR7,ENSG00000091157,WD40,"WD domain, G-beta repeat",550,588
WDR7,ENSG00000091157,WD40,"WD domain, G-beta repeat",1385,1423
WHSC1L1,ENSG00000147548,PWWP,PWWP domain,268,380
WHSC1L1,ENSG00000147548,PWWP,PWWP domain,958,1049
WHSC1L1,ENSG00000147548,AWS,AWS domain,1104,1142
WHSC1L1,ENSG00000147548,SET,SET domain,1156,1262
WHSC1L1,ENSG00000147548,C5HCH,NSD Cys-His rich domain,1364,1413
WT1,ENSG00000184937,WT1,Wilm's tumour protein,69,389
WT1,ENSG00000184937,zf-H2C2_2,Zinc-finger double domain,407,433
WT1,ENSG00000184937,zf-H2C2_2,Zinc-finger double domain,438,461
WT1,ENSG00000184937,zf-C2H2,"Zinc finger, C2H2 type",482,506
ZAN,ENSG00000146839,MAM,"MAM domain, meprin/A5/mu",41,203
ZAN,ENSG00000146839,MAM,"MAM domain, meprin/A5/mu",211,367
ZAN,ENSG00000146839,MAM,"MAM domain, meprin/A5/mu",373,535
ZAN,ENSG00000146839,TIL,Trypsin Inhibitor like cysteine rich domain,1044,1093
ZAN,ENSG00000146839,TILa,TILa domain,1094,1148
ZAN,ENSG00000146839,VWD,von Willebrand factor type D domain,1156,1308
ZAN,ENSG00000146839,C8,C8 domain,1354,1422
ZAN,ENSG00000146839,TIL,Trypsin Inhibitor like cysteine rich domain,1426,1479
ZAN,ENSG00000146839,TILa,TILa domain,1480,1535
ZAN,ENSG00000146839,VWD,von Willebrand factor type D domain,1542,1697
ZAN,ENSG00000146839,C8,C8 domain,1741,1808
ZAN,ENSG00000146839,TIL,Trypsin Inhibitor like cysteine rich domain,1812,1867
ZAN,ENSG00000146839,TILa,TILa domain,1868,1924
ZAN,ENSG00000146839,VWD,von Willebrand factor type D domain,1931,2086
ZAN,ENSG00000146839,C8,C8 domain,2140,2207
ZAN,ENSG00000146839,TIL,Trypsin Inhibitor like cysteine rich domain,2211,2267
ZAN,ENSG00000146839,TILa,TILa domain,2268,2324
ZAN,ENSG00000146839,VWD,von Willebrand factor type D domain,2331,2485
ZAN,ENSG00000146839,C8,C8 domain,2546,2598
ZAN,ENSG00000146839,TILa,TILa domain,2653,2707
ZIC1,ENSG00000152977,zf_ZIC,Zic proteins zinc finger domain,218,264
ZIC1,ENSG00000152977,zf-C2H2,"Zinc finger, C2H2 type",302,326
ZIC1,ENSG00000152977,zf-C2H2,"Zinc finger, C2H2 type",332,356
ZIC1,ENSG00000152977,zf-C2H2,"Zinc finger, C2H2 type",362,384
ZIC4,ENSG00000174963,zf_ZIC,Zic proteins zinc finger domain,121,166
ZIC4,ENSG00000174963,zf-C2H2,"Zinc finger, C2H2 type",204,228
ZIC4,ENSG00000174963,zf-C2H2,"Zinc finger, C2H2 type",264,288
ZMYM5,ENSG00000132950,zf-FCS,MYM-type Zinc finger with FCS sequence motif,240,276
ZMYM5,ENSG00000132950,zf-FCS,MYM-type Zinc finger with FCS sequence motif,333,369
ZMYM5,ENSG00000132950,zf-FCS,MYM-type Zinc finger with FCS sequence motif,375,415
ZNF236,ENSG00000130856,zf-C2H2,"Zinc finger, C2H2 type",37,59
ZNF236,ENSG00000130856,zf-C2H2,"Zinc finger, C2H2 type",94,115
ZNF236,ENSG00000130856,zf-C2H2,"Zinc finger, C2H2 type",153,175
ZNF236,ENSG00000130856,zf-C2H2,"Zinc finger, C2H2 type",197,219
ZNF236,ENSG00000130856,zf-C2H2,"Zinc finger, C2H2 type",225,247
ZNF236,ENSG00000130856,zf-C2H2_6,C2H2-type zinc finger,284,310
ZNF236,ENSG00000130856,zf-C2H2,"Zinc finger, C2H2 type",482,504
ZNF236,ENSG00000130856,zf-C2H2,"Zinc finger, C2H2 type",510,532
ZNF236,ENSG00000130856,zf-C2H2,"Zinc finger, C2H2 type",538,560
ZNF236,ENSG00000130856,zf-C2H2,"Zinc finger, C2H2 type",685,707
ZNF236,ENSG00000130856,zf-C2H2,"Zinc finger, C2H2 type",967,989
ZNF236,ENSG00000130856,zf-C2H2,"Zinc finger, C2H2 type",995,1017
ZNF236,ENSG00000130856,zf-C2H2,"Zinc finger, C2H2 type",1023,1045
ZNF236,ENSG00000130856,zf-C2H2,"Zinc finger, C2H2 type",1168,1189
ZNF236,ENSG00000130856,zf-C2H2,"Zinc finger, C2H2 type",1223,1245
ZNF236,ENSG00000130856,zf-C2H2,"Zinc finger, C2H2 type",1688,1708
ZNF236,ENSG00000130856,zf-C2H2,"Zinc finger, C2H2 type",1722,1744
ZNF236,ENSG00000130856,zf-C2H2,"Zinc finger, C2H2 type",1750,1772
ZNF236,ENSG00000130856,zf-C2H2,"Zinc finger, C2H2 type",1778,1801
ZNF521,ENSG00000198795,zf-C2H2_6,C2H2-type zinc finger,46,68
ZNF521,ENSG00000198795,zf-C2H2,"Zinc finger, C2H2 type",118,140
ZNF521,ENSG00000198795,zf-C2H2,"Zinc finger, C2H2 type",174,196
ZNF521,ENSG00000198795,zf-C2H2_6,C2H2-type zinc finger,311,335
ZNF521,ENSG00000198795,zf-C2H2_6,C2H2-type zinc finger,436,463
ZNF521,ENSG00000198795,zf-C2H2_6,C2H2-type zinc finger,633,659
ZNF521,ENSG00000198795,zf-C2H2,"Zinc finger, C2H2 type",664,686
ZNF521,ENSG00000198795,zf-C2H2_6,C2H2-type zinc finger,693,715
ZNF521,ENSG00000198795,zf-C2H2_6,C2H2-type zinc finger,929,955
ZNF521,ENSG00000198795,zf-C2H2_6,C2H2-type zinc finger,958,984
ZRSR2,ENSG00000169249,zf-CCCH,Zinc finger C-x8-C-x5-C-x3-H type (and similar),168,192
ZRSR2,ENSG00000169249,RRM_5,"RNA recognition motif. (a.k.a. RRM, RBD, or RNP domain)",246,302