site_count,STAMPEDE,all,2549
gene_count,STAMPEDE,all,3328
fusion_count,STAMPEDE,all,5088
test_volume,STAMPEDE,all,3322
test_volume_cumulative,STAMPEDE,all,5333
test_volume_monthly,STAMPEDE,all,5335
gender_age_distribution,STAMPEDE/Gender_Age_Distribution,all,2560
hist_dx_distribution,STAMPEDE/Hist_Dx_distribution,all,4791
pt_mutation_count_allvariants,STAMPEDE/Patient_Mutation_Count/All_Variants,all,2564
pt_mutation_count_allvariantstacked,STAMPEDE/Patient_Mutation_Count/All_Variants_Stacked,all,4987
pt_mutation_count_pathovariants,STAMPEDE/Patient_Mutation_Count/Pathogenic_Variants,all,2567
pt_mutation_count_VUS,STAMPEDE/Patient_Mutation_Count/UnknownSignificance_Variants,all,2570
specimen_type_count,STAMPEDE/Specimen_Type_Count,all,2573
top_fusion_count,STAMPEDE/Top_Fusion_Count,all,5090
top_gene_count,STAMPEDE/Top_Gene_Count,all,3324
top_site_count,STAMPEDE/Top_Site_Count,all,3331
top_variant_count,STAMPEDE/Top_Variant_Count,all,2557
tumor_purity_count,STAMPEDE/Tumor_Purity_Count,all,2576
var_type_distribution,STAMPEDE/Var_Type_Distribution,all,4245
top_variant_count,STAMPEDE/Top_Variant_Count,adrenal,4793
top_gene_count,STAMPEDE/Top_Gene_Count,adrenal,2580
gender_age_distribution,STAMPEDE/Gender_Age_Distribution,adrenal,2582
hist_dx_distribution,STAMPEDE/Hist_Dx_distribution,adrenal,4611
test_volume,STAMPEDE/PerTumor_OrderVolume,adrenal,4144
tumor_purity_count,STAMPEDE/Tumor_Purity_Count,adrenal,2592
specimen_type_count,STAMPEDE/Specimen_Type_Count,adrenal,2590
pt_mutation_count_allvariants,STAMPEDE/Patient_Mutation_Count/All_Variants,adrenal,2584
pt_mutation_count_allvariantstacked,STAMPEDE/Patient_Mutation_Count/All_Variants_Stacked,adrenal,4989
pt_mutation_count_pathovariants,STAMPEDE/Patient_Mutation_Count/Pathogenic_Variants,adrenal,2586
pt_mutation_count_VUS,STAMPEDE/Patient_Mutation_Count/UnknownSignificance_Variants,adrenal,2588
top_variant_count,STAMPEDE/Top_Variant_Count,ampulla of vater,2596
top_gene_count,STAMPEDE/Top_Gene_Count,ampulla of vater,2594
gender_age_distribution,STAMPEDE/Gender_Age_Distribution,ampulla of vater,2598
hist_dx_distribution,STAMPEDE/Hist_Dx_distribution,ampulla of vater,4615
test_volume,STAMPEDE/PerTumor_OrderVolume,ampulla of vater,4146
tumor_purity_count,STAMPEDE/Tumor_Purity_Count,ampulla of vater,2608
specimen_type_count,STAMPEDE/Specimen_Type_Count,ampulla of vater,2606
pt_mutation_count_allvariants,STAMPEDE/Patient_Mutation_Count/All_Variants,ampulla of vater,2600
pt_mutation_count_allvariantstacked,STAMPEDE/Patient_Mutation_Count/All_Variants_Stacked,ampulla of vater,4991
pt_mutation_count_pathovariants,STAMPEDE/Patient_Mutation_Count/Pathogenic_Variants,ampulla of vater,2602
pt_mutation_count_VUS,STAMPEDE/Patient_Mutation_Count/UnknownSignificance_Variants,ampulla of vater,2604
top_variant_count,STAMPEDE/Top_Variant_Count,anus,4795
top_gene_count,STAMPEDE/Top_Gene_Count,anus,2610
gender_age_distribution,STAMPEDE/Gender_Age_Distribution,anus,2612
hist_dx_distribution,STAMPEDE/Hist_Dx_distribution,anus,4619
test_volume,STAMPEDE/PerTumor_OrderVolume,anus,4148
tumor_purity_count,STAMPEDE/Tumor_Purity_Count,anus,2622
specimen_type_count,STAMPEDE/Specimen_Type_Count,anus,2620
pt_mutation_count_allvariants,STAMPEDE/Patient_Mutation_Count/All_Variants,anus,2614
pt_mutation_count_allvariantstacked,STAMPEDE/Patient_Mutation_Count/All_Variants_Stacked,anus,4993
pt_mutation_count_pathovariants,STAMPEDE/Patient_Mutation_Count/Pathogenic_Variants,anus,2616
pt_mutation_count_VUS,STAMPEDE/Patient_Mutation_Count/UnknownSignificance_Variants,anus,2618
top_variant_count,STAMPEDE/Top_Variant_Count,appendix,4797
top_gene_count,STAMPEDE/Top_Gene_Count,appendix,2624
gender_age_distribution,STAMPEDE/Gender_Age_Distribution,appendix,2626
hist_dx_distribution,STAMPEDE/Hist_Dx_distribution,appendix,4623
test_volume,STAMPEDE/PerTumor_OrderVolume,appendix,4150
tumor_purity_count,STAMPEDE/Tumor_Purity_Count,appendix,2636
specimen_type_count,STAMPEDE/Specimen_Type_Count,appendix,2634
pt_mutation_count_allvariants,STAMPEDE/Patient_Mutation_Count/All_Variants,appendix,2628
pt_mutation_count_allvariantstacked,STAMPEDE/Patient_Mutation_Count/All_Variants_Stacked,appendix,4995
pt_mutation_count_pathovariants,STAMPEDE/Patient_Mutation_Count/Pathogenic_Variants,appendix,2630
pt_mutation_count_VUS,STAMPEDE/Patient_Mutation_Count/UnknownSignificance_Variants,appendix,2632
top_variant_count,STAMPEDE/Top_Variant_Count,back,4799
top_gene_count,STAMPEDE/Top_Gene_Count,back,2638
gender_age_distribution,STAMPEDE/Gender_Age_Distribution,back,2640
hist_dx_distribution,STAMPEDE/Hist_Dx_distribution,back,4627
test_volume,STAMPEDE/PerTumor_OrderVolume,back,4152
tumor_purity_count,STAMPEDE/Tumor_Purity_Count,back,2648
specimen_type_count,STAMPEDE/Specimen_Type_Count,back,2646
pt_mutation_count_allvariants,STAMPEDE/Patient_Mutation_Count/All_Variants,back,2642
pt_mutation_count_allvariantstacked,STAMPEDE/Patient_Mutation_Count/All_Variants_Stacked,back,4997
pt_mutation_count_VUS,STAMPEDE/Patient_Mutation_Count/UnknownSignificance_Variants,back,2644
top_variant_count,STAMPEDE/Top_Variant_Count,bone,4801
top_gene_count,STAMPEDE/Top_Gene_Count,bone,2650
gender_age_distribution,STAMPEDE/Gender_Age_Distribution,bone,2652
hist_dx_distribution,STAMPEDE/Hist_Dx_distribution,bone,4631
test_volume,STAMPEDE/PerTumor_OrderVolume,bone,4154
tumor_purity_count,STAMPEDE/Tumor_Purity_Count,bone,2662
specimen_type_count,STAMPEDE/Specimen_Type_Count,bone,2660
pt_mutation_count_allvariants,STAMPEDE/Patient_Mutation_Count/All_Variants,bone,2654
pt_mutation_count_allvariantstacked,STAMPEDE/Patient_Mutation_Count/All_Variants_Stacked,bone,4999
pt_mutation_count_pathovariants,STAMPEDE/Patient_Mutation_Count/Pathogenic_Variants,bone,2656
pt_mutation_count_VUS,STAMPEDE/Patient_Mutation_Count/UnknownSignificance_Variants,bone,2658
top_variant_count,STAMPEDE/Top_Variant_Count,breast,2666
top_gene_count,STAMPEDE/Top_Gene_Count,breast,2664
gender_age_distribution,STAMPEDE/Gender_Age_Distribution,breast,2668
hist_dx_distribution,STAMPEDE/Hist_Dx_distribution,breast,4635
test_volume,STAMPEDE/PerTumor_OrderVolume,breast,4156
tumor_purity_count,STAMPEDE/Tumor_Purity_Count,breast,2678
specimen_type_count,STAMPEDE/Specimen_Type_Count,breast,2676
pt_mutation_count_allvariants,STAMPEDE/Patient_Mutation_Count/All_Variants,breast,2670
pt_mutation_count_allvariantstacked,STAMPEDE/Patient_Mutation_Count/All_Variants_Stacked,breast,5001
pt_mutation_count_pathovariants,STAMPEDE/Patient_Mutation_Count/Pathogenic_Variants,breast,2672
pt_mutation_count_VUS,STAMPEDE/Patient_Mutation_Count/UnknownSignificance_Variants,breast,2674
top_fusion_count,STAMPEDE/Top_Fusion_Count,breast,5092
top_variant_count,STAMPEDE/Top_Variant_Count,cervix,4803
top_gene_count,STAMPEDE/Top_Gene_Count,cervix,2696
gender_age_distribution,STAMPEDE/Gender_Age_Distribution,cervix,2698
hist_dx_distribution,STAMPEDE/Hist_Dx_distribution,cervix,4639
test_volume,STAMPEDE/PerTumor_OrderVolume,cervix,4160
tumor_purity_count,STAMPEDE/Tumor_Purity_Count,cervix,2708
specimen_type_count,STAMPEDE/Specimen_Type_Count,cervix,2706
pt_mutation_count_allvariants,STAMPEDE/Patient_Mutation_Count/All_Variants,cervix,2700
pt_mutation_count_allvariantstacked,STAMPEDE/Patient_Mutation_Count/All_Variants_Stacked,cervix,5003
pt_mutation_count_pathovariants,STAMPEDE/Patient_Mutation_Count/Pathogenic_Variants,cervix,2702
pt_mutation_count_VUS,STAMPEDE/Patient_Mutation_Count/UnknownSignificance_Variants,cervix,2704
top_variant_count,STAMPEDE/Top_Variant_Count,cns (brain/spinal cord),4807
top_gene_count,STAMPEDE/Top_Gene_Count,cns (brain/spinal cord),4805
gender_age_distribution,STAMPEDE/Gender_Age_Distribution,cns (brain/spinal cord),4809
hist_dx_distribution,STAMPEDE/Hist_Dx_distribution,cns (brain/spinal cord),4643
test_volume,STAMPEDE/PerTumor_OrderVolume,cns (brain/spinal cord),4823
tumor_purity_count,STAMPEDE/Tumor_Purity_Count,cns (brain/spinal cord),4821
specimen_type_count,STAMPEDE/Specimen_Type_Count,cns (brain/spinal cord),4819
pt_mutation_count_allvariants,STAMPEDE/Patient_Mutation_Count/All_Variants,cns (brain/spinal cord),4811
pt_mutation_count_allvariantstacked,STAMPEDE/Patient_Mutation_Count/All_Variants_Stacked,cns (brain/spinal cord),5005
pt_mutation_count_pathovariants,STAMPEDE/Patient_Mutation_Count/Pathogenic_Variants,cns (brain/spinal cord),4815
pt_mutation_count_VUS,STAMPEDE/Patient_Mutation_Count/UnknownSignificance_Variants,cns (brain/spinal cord),4817
top_fusion_count,STAMPEDE/Top_Fusion_Count,cns (brain/spinal cord),5094
top_variant_count,STAMPEDE/Top_Variant_Count,colon and rectum,2712
top_gene_count,STAMPEDE/Top_Gene_Count,colon and rectum,2710
gender_age_distribution,STAMPEDE/Gender_Age_Distribution,colon and rectum,2714
hist_dx_distribution,STAMPEDE/Hist_Dx_distribution,colon and rectum,4647
test_volume,STAMPEDE/PerTumor_OrderVolume,colon and rectum,4162
tumor_purity_count,STAMPEDE/Tumor_Purity_Count,colon and rectum,2724
specimen_type_count,STAMPEDE/Specimen_Type_Count,colon and rectum,2722
pt_mutation_count_allvariants,STAMPEDE/Patient_Mutation_Count/All_Variants,colon and rectum,2716
pt_mutation_count_allvariantstacked,STAMPEDE/Patient_Mutation_Count/All_Variants_Stacked,colon and rectum,5007
pt_mutation_count_pathovariants,STAMPEDE/Patient_Mutation_Count/Pathogenic_Variants,colon and rectum,2718
pt_mutation_count_VUS,STAMPEDE/Patient_Mutation_Count/UnknownSignificance_Variants,colon and rectum,2720
top_fusion_count,STAMPEDE/Top_Fusion_Count,colon and rectum,5096
top_variant_count,STAMPEDE/Top_Variant_Count,esophagus,2728
top_gene_count,STAMPEDE/Top_Gene_Count,esophagus,2726
gender_age_distribution,STAMPEDE/Gender_Age_Distribution,esophagus,2730
hist_dx_distribution,STAMPEDE/Hist_Dx_distribution,esophagus,4651
test_volume,STAMPEDE/PerTumor_OrderVolume,esophagus,4164
tumor_purity_count,STAMPEDE/Tumor_Purity_Count,esophagus,2740
specimen_type_count,STAMPEDE/Specimen_Type_Count,esophagus,2738
pt_mutation_count_allvariants,STAMPEDE/Patient_Mutation_Count/All_Variants,esophagus,2732
pt_mutation_count_allvariantstacked,STAMPEDE/Patient_Mutation_Count/All_Variants_Stacked,esophagus,5009
pt_mutation_count_pathovariants,STAMPEDE/Patient_Mutation_Count/Pathogenic_Variants,esophagus,2734
pt_mutation_count_VUS,STAMPEDE/Patient_Mutation_Count/UnknownSignificance_Variants,esophagus,2736
top_variant_count,STAMPEDE/Top_Variant_Count,foot,5340
top_gene_count,STAMPEDE/Top_Gene_Count,foot,2742
gender_age_distribution,STAMPEDE/Gender_Age_Distribution,foot,2744
hist_dx_distribution,STAMPEDE/Hist_Dx_distribution,foot,5342
test_volume,STAMPEDE/PerTumor_OrderVolume,foot,4166
tumor_purity_count,STAMPEDE/Tumor_Purity_Count,foot,2752
specimen_type_count,STAMPEDE/Specimen_Type_Count,foot,2750
pt_mutation_count_allvariants,STAMPEDE/Patient_Mutation_Count/All_Variants,foot,2746
pt_mutation_count_allvariantstacked,STAMPEDE/Patient_Mutation_Count/All_Variants_Stacked,foot,5338
pt_mutation_count_VUS,STAMPEDE/Patient_Mutation_Count/UnknownSignificance_Variants,foot,2748
top_variant_count,STAMPEDE/Top_Variant_Count,foreskin,4827
top_gene_count,STAMPEDE/Top_Gene_Count,foreskin,2754
gender_age_distribution,STAMPEDE/Gender_Age_Distribution,foreskin,2756
hist_dx_distribution,STAMPEDE/Hist_Dx_distribution,foreskin,4831
test_volume,STAMPEDE/PerTumor_OrderVolume,foreskin,4168
tumor_purity_count,STAMPEDE/Tumor_Purity_Count,foreskin,2766
specimen_type_count,STAMPEDE/Specimen_Type_Count,foreskin,2764
pt_mutation_count_allvariants,STAMPEDE/Patient_Mutation_Count/All_Variants,foreskin,2758
pt_mutation_count_allvariantstacked,STAMPEDE/Patient_Mutation_Count/All_Variants_Stacked,foreskin,5011
pt_mutation_count_pathovariants,STAMPEDE/Patient_Mutation_Count/Pathogenic_Variants,foreskin,2760
pt_mutation_count_VUS,STAMPEDE/Patient_Mutation_Count/UnknownSignificance_Variants,foreskin,2762
top_variant_count,STAMPEDE/Top_Variant_Count,gallbladder,2770
top_gene_count,STAMPEDE/Top_Gene_Count,gallbladder,2768
gender_age_distribution,STAMPEDE/Gender_Age_Distribution,gallbladder,2772
hist_dx_distribution,STAMPEDE/Hist_Dx_distribution,gallbladder,4655
test_volume,STAMPEDE/PerTumor_OrderVolume,gallbladder,4170
tumor_purity_count,STAMPEDE/Tumor_Purity_Count,gallbladder,2782
specimen_type_count,STAMPEDE/Specimen_Type_Count,gallbladder,2780
pt_mutation_count_allvariants,STAMPEDE/Patient_Mutation_Count/All_Variants,gallbladder,2774
pt_mutation_count_allvariantstacked,STAMPEDE/Patient_Mutation_Count/All_Variants_Stacked,gallbladder,5013
pt_mutation_count_pathovariants,STAMPEDE/Patient_Mutation_Count/Pathogenic_Variants,gallbladder,2776
pt_mutation_count_VUS,STAMPEDE/Patient_Mutation_Count/UnknownSignificance_Variants,gallbladder,2778
top_variant_count,STAMPEDE/Top_Variant_Count,heart,5569
top_gene_count,STAMPEDE/Top_Gene_Count,heart,5567
gender_age_distribution,STAMPEDE/Gender_Age_Distribution,heart,5571
hist_dx_distribution,STAMPEDE/Hist_Dx_distribution,heart,5578
test_volume,STAMPEDE/PerTumor_OrderVolume,heart,5580
tumor_purity_count,STAMPEDE/Tumor_Purity_Count,heart,5575
specimen_type_count,STAMPEDE/Specimen_Type_Count,heart,5573
top_variant_count,STAMPEDE/Top_Variant_Count,hematologic and lymphoid,4835
top_gene_count,STAMPEDE/Top_Gene_Count,hematologic and lymphoid,4833
gender_age_distribution,STAMPEDE/Gender_Age_Distribution,hematologic and lymphoid,4837
hist_dx_distribution,STAMPEDE/Hist_Dx_distribution,hematologic and lymphoid,4659
test_volume,STAMPEDE/PerTumor_OrderVolume,hematologic and lymphoid,4851
tumor_purity_count,STAMPEDE/Tumor_Purity_Count,hematologic and lymphoid,4849
specimen_type_count,STAMPEDE/Specimen_Type_Count,hematologic and lymphoid,4847
pt_mutation_count_allvariants,STAMPEDE/Patient_Mutation_Count/All_Variants,hematologic and lymphoid,4839
pt_mutation_count_allvariantstacked,STAMPEDE/Patient_Mutation_Count/All_Variants_Stacked,hematologic and lymphoid,5015
pt_mutation_count_pathovariants,STAMPEDE/Patient_Mutation_Count/Pathogenic_Variants,hematologic and lymphoid,4843
pt_mutation_count_VUS,STAMPEDE/Patient_Mutation_Count/UnknownSignificance_Variants,hematologic and lymphoid,4845
top_fusion_count,STAMPEDE/Top_Fusion_Count,hematologic and lymphoid,5098
top_variant_count,STAMPEDE/Top_Variant_Count,intrahepatic bile ducts,2800
top_gene_count,STAMPEDE/Top_Gene_Count,intrahepatic bile ducts,2798
gender_age_distribution,STAMPEDE/Gender_Age_Distribution,intrahepatic bile ducts,2802
hist_dx_distribution,STAMPEDE/Hist_Dx_distribution,intrahepatic bile ducts,4663
test_volume,STAMPEDE/PerTumor_OrderVolume,intrahepatic bile ducts,4174
tumor_purity_count,STAMPEDE/Tumor_Purity_Count,intrahepatic bile ducts,2812
specimen_type_count,STAMPEDE/Specimen_Type_Count,intrahepatic bile ducts,2810
pt_mutation_count_allvariants,STAMPEDE/Patient_Mutation_Count/All_Variants,intrahepatic bile ducts,2804
pt_mutation_count_allvariantstacked,STAMPEDE/Patient_Mutation_Count/All_Variants_Stacked,intrahepatic bile ducts,5017
pt_mutation_count_pathovariants,STAMPEDE/Patient_Mutation_Count/Pathogenic_Variants,intrahepatic bile ducts,2806
pt_mutation_count_VUS,STAMPEDE/Patient_Mutation_Count/UnknownSignificance_Variants,intrahepatic bile ducts,2808
top_variant_count,STAMPEDE/Top_Variant_Count,kidney,4855
top_gene_count,STAMPEDE/Top_Gene_Count,kidney,2814
gender_age_distribution,STAMPEDE/Gender_Age_Distribution,kidney,2816
hist_dx_distribution,STAMPEDE/Hist_Dx_distribution,kidney,4667
test_volume,STAMPEDE/PerTumor_OrderVolume,kidney,4176
tumor_purity_count,STAMPEDE/Tumor_Purity_Count,kidney,2826
specimen_type_count,STAMPEDE/Specimen_Type_Count,kidney,2824
pt_mutation_count_allvariants,STAMPEDE/Patient_Mutation_Count/All_Variants,kidney,2818
pt_mutation_count_allvariantstacked,STAMPEDE/Patient_Mutation_Count/All_Variants_Stacked,kidney,5019
pt_mutation_count_pathovariants,STAMPEDE/Patient_Mutation_Count/Pathogenic_Variants,kidney,2820
pt_mutation_count_VUS,STAMPEDE/Patient_Mutation_Count/UnknownSignificance_Variants,kidney,2822
top_variant_count,STAMPEDE/Top_Variant_Count,larynx,4857
top_gene_count,STAMPEDE/Top_Gene_Count,larynx,2828
gender_age_distribution,STAMPEDE/Gender_Age_Distribution,larynx,2830
hist_dx_distribution,STAMPEDE/Hist_Dx_distribution,larynx,4671
test_volume,STAMPEDE/PerTumor_OrderVolume,larynx,4178
tumor_purity_count,STAMPEDE/Tumor_Purity_Count,larynx,2840
specimen_type_count,STAMPEDE/Specimen_Type_Count,larynx,2838
pt_mutation_count_allvariants,STAMPEDE/Patient_Mutation_Count/All_Variants,larynx,2832
pt_mutation_count_allvariantstacked,STAMPEDE/Patient_Mutation_Count/All_Variants_Stacked,larynx,5021
pt_mutation_count_pathovariants,STAMPEDE/Patient_Mutation_Count/Pathogenic_Variants,larynx,2834
pt_mutation_count_VUS,STAMPEDE/Patient_Mutation_Count/UnknownSignificance_Variants,larynx,2836
top_variant_count,STAMPEDE/Top_Variant_Count,lip and oral cavity,4859
top_gene_count,STAMPEDE/Top_Gene_Count,lip and oral cavity,2842
gender_age_distribution,STAMPEDE/Gender_Age_Distribution,lip and oral cavity,2844
hist_dx_distribution,STAMPEDE/Hist_Dx_distribution,lip and oral cavity,4675
test_volume,STAMPEDE/PerTumor_OrderVolume,lip and oral cavity,4180
tumor_purity_count,STAMPEDE/Tumor_Purity_Count,lip and oral cavity,2854
specimen_type_count,STAMPEDE/Specimen_Type_Count,lip and oral cavity,2852
pt_mutation_count_allvariants,STAMPEDE/Patient_Mutation_Count/All_Variants,lip and oral cavity,2846
pt_mutation_count_allvariantstacked,STAMPEDE/Patient_Mutation_Count/All_Variants_Stacked,lip and oral cavity,5023
pt_mutation_count_pathovariants,STAMPEDE/Patient_Mutation_Count/Pathogenic_Variants,lip and oral cavity,2848
pt_mutation_count_VUS,STAMPEDE/Patient_Mutation_Count/UnknownSignificance_Variants,lip and oral cavity,2850
top_variant_count,STAMPEDE/Top_Variant_Count,liver,4863
top_gene_count,STAMPEDE/Top_Gene_Count,liver,4861
gender_age_distribution,STAMPEDE/Gender_Age_Distribution,liver,4865
hist_dx_distribution,STAMPEDE/Hist_Dx_distribution,liver,4679
test_volume,STAMPEDE/PerTumor_OrderVolume,liver,4879
tumor_purity_count,STAMPEDE/Tumor_Purity_Count,liver,4877
specimen_type_count,STAMPEDE/Specimen_Type_Count,liver,4875
pt_mutation_count_allvariants,STAMPEDE/Patient_Mutation_Count/All_Variants,liver,4867
pt_mutation_count_allvariantstacked,STAMPEDE/Patient_Mutation_Count/All_Variants_Stacked,liver,5025
pt_mutation_count_pathovariants,STAMPEDE/Patient_Mutation_Count/Pathogenic_Variants,liver,4871
pt_mutation_count_VUS,STAMPEDE/Patient_Mutation_Count/UnknownSignificance_Variants,liver,4873
top_fusion_count,STAMPEDE/Top_Fusion_Count,liver,5100
top_variant_count,STAMPEDE/Top_Variant_Count,lung,2874
top_gene_count,STAMPEDE/Top_Gene_Count,lung,2872
gender_age_distribution,STAMPEDE/Gender_Age_Distribution,lung,2876
hist_dx_distribution,STAMPEDE/Hist_Dx_distribution,lung,4683
test_volume,STAMPEDE/PerTumor_OrderVolume,lung,4184
tumor_purity_count,STAMPEDE/Tumor_Purity_Count,lung,2886
specimen_type_count,STAMPEDE/Specimen_Type_Count,lung,2884
pt_mutation_count_allvariants,STAMPEDE/Patient_Mutation_Count/All_Variants,lung,2878
pt_mutation_count_allvariantstacked,STAMPEDE/Patient_Mutation_Count/All_Variants_Stacked,lung,5027
pt_mutation_count_pathovariants,STAMPEDE/Patient_Mutation_Count/Pathogenic_Variants,lung,2880
pt_mutation_count_VUS,STAMPEDE/Patient_Mutation_Count/UnknownSignificance_Variants,lung,2882
top_fusion_count,STAMPEDE/Top_Fusion_Count,lung,5102
top_variant_count,STAMPEDE/Top_Variant_Count,lymph node,2890
top_gene_count,STAMPEDE/Top_Gene_Count,lymph node,2888
gender_age_distribution,STAMPEDE/Gender_Age_Distribution,lymph node,2892
hist_dx_distribution,STAMPEDE/Hist_Dx_distribution,lymph node,4687
test_volume,STAMPEDE/PerTumor_OrderVolume,lymph node,4186
tumor_purity_count,STAMPEDE/Tumor_Purity_Count,lymph node,2902
specimen_type_count,STAMPEDE/Specimen_Type_Count,lymph node,2900
pt_mutation_count_allvariants,STAMPEDE/Patient_Mutation_Count/All_Variants,lymph node,2894
pt_mutation_count_allvariantstacked,STAMPEDE/Patient_Mutation_Count/All_Variants_Stacked,lymph node,5029
pt_mutation_count_pathovariants,STAMPEDE/Patient_Mutation_Count/Pathogenic_Variants,lymph node,2896
pt_mutation_count_VUS,STAMPEDE/Patient_Mutation_Count/UnknownSignificance_Variants,lymph node,2898
top_variant_count,STAMPEDE/Top_Variant_Count,mesenteric mass,4883
top_gene_count,STAMPEDE/Top_Gene_Count,mesenteric mass,2904
gender_age_distribution,STAMPEDE/Gender_Age_Distribution,mesenteric mass,2906
hist_dx_distribution,STAMPEDE/Hist_Dx_distribution,mesenteric mass,4691
test_volume,STAMPEDE/PerTumor_OrderVolume,mesenteric mass,4188
tumor_purity_count,STAMPEDE/Tumor_Purity_Count,mesenteric mass,2914
specimen_type_count,STAMPEDE/Specimen_Type_Count,mesenteric mass,2912
pt_mutation_count_allvariants,STAMPEDE/Patient_Mutation_Count/All_Variants,mesenteric mass,2908
pt_mutation_count_allvariantstacked,STAMPEDE/Patient_Mutation_Count/All_Variants_Stacked,mesenteric mass,5031
pt_mutation_count_pathovariants,STAMPEDE/Patient_Mutation_Count/Pathogenic_Variants,mesenteric mass,2910
top_variant_count,STAMPEDE/Top_Variant_Count,nasal cavity and paranasal sinuses,5346
top_gene_count,STAMPEDE/Top_Gene_Count,nasal cavity and paranasal sinuses,2916
gender_age_distribution,STAMPEDE/Gender_Age_Distribution,nasal cavity and paranasal sinuses,2918
hist_dx_distribution,STAMPEDE/Hist_Dx_distribution,nasal cavity and paranasal sinuses,5348
test_volume,STAMPEDE/PerTumor_OrderVolume,nasal cavity and paranasal sinuses,4190
tumor_purity_count,STAMPEDE/Tumor_Purity_Count,nasal cavity and paranasal sinuses,2928
specimen_type_count,STAMPEDE/Specimen_Type_Count,nasal cavity and paranasal sinuses,2926
pt_mutation_count_allvariants,STAMPEDE/Patient_Mutation_Count/All_Variants,nasal cavity and paranasal sinuses,2920
pt_mutation_count_allvariantstacked,STAMPEDE/Patient_Mutation_Count/All_Variants_Stacked,nasal cavity and paranasal sinuses,5344
pt_mutation_count_pathovariants,STAMPEDE/Patient_Mutation_Count/Pathogenic_Variants,nasal cavity and paranasal sinuses,2922
pt_mutation_count_VUS,STAMPEDE/Patient_Mutation_Count/UnknownSignificance_Variants,nasal cavity and paranasal sinuses,2924
top_variant_count,STAMPEDE/Top_Variant_Count,nasopharynx,4885
top_gene_count,STAMPEDE/Top_Gene_Count,nasopharynx,2930
gender_age_distribution,STAMPEDE/Gender_Age_Distribution,nasopharynx,2932
hist_dx_distribution,STAMPEDE/Hist_Dx_distribution,nasopharynx,4695
test_volume,STAMPEDE/PerTumor_OrderVolume,nasopharynx,4192
tumor_purity_count,STAMPEDE/Tumor_Purity_Count,nasopharynx,2942
specimen_type_count,STAMPEDE/Specimen_Type_Count,nasopharynx,2940
pt_mutation_count_allvariants,STAMPEDE/Patient_Mutation_Count/All_Variants,nasopharynx,2934
pt_mutation_count_allvariantstacked,STAMPEDE/Patient_Mutation_Count/All_Variants_Stacked,nasopharynx,5033
pt_mutation_count_pathovariants,STAMPEDE/Patient_Mutation_Count/Pathogenic_Variants,nasopharynx,2936
pt_mutation_count_VUS,STAMPEDE/Patient_Mutation_Count/UnknownSignificance_Variants,nasopharynx,2938
top_variant_count,STAMPEDE/Top_Variant_Count,neck,4887
top_gene_count,STAMPEDE/Top_Gene_Count,neck,2944
gender_age_distribution,STAMPEDE/Gender_Age_Distribution,neck,2946
hist_dx_distribution,STAMPEDE/Hist_Dx_distribution,neck,4699
test_volume,STAMPEDE/PerTumor_OrderVolume,neck,4194
tumor_purity_count,STAMPEDE/Tumor_Purity_Count,neck,2956
specimen_type_count,STAMPEDE/Specimen_Type_Count,neck,2954
pt_mutation_count_allvariants,STAMPEDE/Patient_Mutation_Count/All_Variants,neck,2948
pt_mutation_count_allvariantstacked,STAMPEDE/Patient_Mutation_Count/All_Variants_Stacked,neck,5035
pt_mutation_count_pathovariants,STAMPEDE/Patient_Mutation_Count/Pathogenic_Variants,neck,2950
pt_mutation_count_VUS,STAMPEDE/Patient_Mutation_Count/UnknownSignificance_Variants,neck,2952
top_variant_count,STAMPEDE/Top_Variant_Count,ocular tumors,4889
top_gene_count,STAMPEDE/Top_Gene_Count,ocular tumors,2958
gender_age_distribution,STAMPEDE/Gender_Age_Distribution,ocular tumors,2960
hist_dx_distribution,STAMPEDE/Hist_Dx_distribution,ocular tumors,4703
test_volume,STAMPEDE/PerTumor_OrderVolume,ocular tumors,4196
tumor_purity_count,STAMPEDE/Tumor_Purity_Count,ocular tumors,2970
specimen_type_count,STAMPEDE/Specimen_Type_Count,ocular tumors,2968
pt_mutation_count_allvariants,STAMPEDE/Patient_Mutation_Count/All_Variants,ocular tumors,2962
pt_mutation_count_allvariantstacked,STAMPEDE/Patient_Mutation_Count/All_Variants_Stacked,ocular tumors,5037
pt_mutation_count_pathovariants,STAMPEDE/Patient_Mutation_Count/Pathogenic_Variants,ocular tumors,2964
pt_mutation_count_VUS,STAMPEDE/Patient_Mutation_Count/UnknownSignificance_Variants,ocular tumors,2966
top_variant_count,STAMPEDE/Top_Variant_Count,ovary,4891
top_gene_count,STAMPEDE/Top_Gene_Count,ovary,2972
gender_age_distribution,STAMPEDE/Gender_Age_Distribution,ovary,2974
hist_dx_distribution,STAMPEDE/Hist_Dx_distribution,ovary,4707
test_volume,STAMPEDE/PerTumor_OrderVolume,ovary,4198
tumor_purity_count,STAMPEDE/Tumor_Purity_Count,ovary,2984
specimen_type_count,STAMPEDE/Specimen_Type_Count,ovary,2982
pt_mutation_count_allvariants,STAMPEDE/Patient_Mutation_Count/All_Variants,ovary,2976
pt_mutation_count_allvariantstacked,STAMPEDE/Patient_Mutation_Count/All_Variants_Stacked,ovary,5039
pt_mutation_count_pathovariants,STAMPEDE/Patient_Mutation_Count/Pathogenic_Variants,ovary,2978
pt_mutation_count_VUS,STAMPEDE/Patient_Mutation_Count/UnknownSignificance_Variants,ovary,2980
top_variant_count,STAMPEDE/Top_Variant_Count,pancreas,2988
top_gene_count,STAMPEDE/Top_Gene_Count,pancreas,2986
gender_age_distribution,STAMPEDE/Gender_Age_Distribution,pancreas,2990
hist_dx_distribution,STAMPEDE/Hist_Dx_distribution,pancreas,4711
test_volume,STAMPEDE/PerTumor_OrderVolume,pancreas,4200
tumor_purity_count,STAMPEDE/Tumor_Purity_Count,pancreas,3000
specimen_type_count,STAMPEDE/Specimen_Type_Count,pancreas,2998
pt_mutation_count_allvariants,STAMPEDE/Patient_Mutation_Count/All_Variants,pancreas,2992
pt_mutation_count_allvariantstacked,STAMPEDE/Patient_Mutation_Count/All_Variants_Stacked,pancreas,5041
pt_mutation_count_pathovariants,STAMPEDE/Patient_Mutation_Count/Pathogenic_Variants,pancreas,2994
pt_mutation_count_VUS,STAMPEDE/Patient_Mutation_Count/UnknownSignificance_Variants,pancreas,2996
top_fusion_count,STAMPEDE/Top_Fusion_Count,pancreas,5372
top_variant_count,STAMPEDE/Top_Variant_Count,penis,4893
top_gene_count,STAMPEDE/Top_Gene_Count,penis,3002
gender_age_distribution,STAMPEDE/Gender_Age_Distribution,penis,3004
hist_dx_distribution,STAMPEDE/Hist_Dx_distribution,penis,4715
test_volume,STAMPEDE/PerTumor_OrderVolume,penis,4202
tumor_purity_count,STAMPEDE/Tumor_Purity_Count,penis,3014
specimen_type_count,STAMPEDE/Specimen_Type_Count,penis,3012
pt_mutation_count_allvariants,STAMPEDE/Patient_Mutation_Count/All_Variants,penis,3006
pt_mutation_count_allvariantstacked,STAMPEDE/Patient_Mutation_Count/All_Variants_Stacked,penis,5043
pt_mutation_count_pathovariants,STAMPEDE/Patient_Mutation_Count/Pathogenic_Variants,penis,3008
pt_mutation_count_VUS,STAMPEDE/Patient_Mutation_Count/UnknownSignificance_Variants,penis,3010
top_variant_count,STAMPEDE/Top_Variant_Count,perihilar bile ducts,5376
top_gene_count,STAMPEDE/Top_Gene_Count,perihilar bile ducts,3016
gender_age_distribution,STAMPEDE/Gender_Age_Distribution,perihilar bile ducts,3018
hist_dx_distribution,STAMPEDE/Hist_Dx_distribution,perihilar bile ducts,5378
test_volume,STAMPEDE/PerTumor_OrderVolume,perihilar bile ducts,4204
tumor_purity_count,STAMPEDE/Tumor_Purity_Count,perihilar bile ducts,3028
specimen_type_count,STAMPEDE/Specimen_Type_Count,perihilar bile ducts,3026
pt_mutation_count_allvariants,STAMPEDE/Patient_Mutation_Count/All_Variants,perihilar bile ducts,3020
pt_mutation_count_allvariantstacked,STAMPEDE/Patient_Mutation_Count/All_Variants_Stacked,perihilar bile ducts,5374
pt_mutation_count_pathovariants,STAMPEDE/Patient_Mutation_Count/Pathogenic_Variants,perihilar bile ducts,3022
pt_mutation_count_VUS,STAMPEDE/Patient_Mutation_Count/UnknownSignificance_Variants,perihilar bile ducts,3024
top_variant_count,STAMPEDE/Top_Variant_Count,peritoneum,3032
top_gene_count,STAMPEDE/Top_Gene_Count,peritoneum,3030
gender_age_distribution,STAMPEDE/Gender_Age_Distribution,peritoneum,3034
hist_dx_distribution,STAMPEDE/Hist_Dx_distribution,peritoneum,4719
test_volume,STAMPEDE/PerTumor_OrderVolume,peritoneum,4206
tumor_purity_count,STAMPEDE/Tumor_Purity_Count,peritoneum,3044
specimen_type_count,STAMPEDE/Specimen_Type_Count,peritoneum,3042
pt_mutation_count_allvariants,STAMPEDE/Patient_Mutation_Count/All_Variants,peritoneum,3036
pt_mutation_count_allvariantstacked,STAMPEDE/Patient_Mutation_Count/All_Variants_Stacked,peritoneum,5045
pt_mutation_count_pathovariants,STAMPEDE/Patient_Mutation_Count/Pathogenic_Variants,peritoneum,3038
pt_mutation_count_VUS,STAMPEDE/Patient_Mutation_Count/UnknownSignificance_Variants,peritoneum,3040
top_fusion_count,STAMPEDE/Top_Fusion_Count,peritoneum,5380
top_variant_count,STAMPEDE/Top_Variant_Count,pharynx,4895
top_gene_count,STAMPEDE/Top_Gene_Count,pharynx,3046
gender_age_distribution,STAMPEDE/Gender_Age_Distribution,pharynx,3048
hist_dx_distribution,STAMPEDE/Hist_Dx_distribution,pharynx,4723
test_volume,STAMPEDE/PerTumor_OrderVolume,pharynx,4208
tumor_purity_count,STAMPEDE/Tumor_Purity_Count,pharynx,3058
specimen_type_count,STAMPEDE/Specimen_Type_Count,pharynx,3056
pt_mutation_count_allvariants,STAMPEDE/Patient_Mutation_Count/All_Variants,pharynx,3050
pt_mutation_count_allvariantstacked,STAMPEDE/Patient_Mutation_Count/All_Variants_Stacked,pharynx,5047
pt_mutation_count_pathovariants,STAMPEDE/Patient_Mutation_Count/Pathogenic_Variants,pharynx,3052
pt_mutation_count_VUS,STAMPEDE/Patient_Mutation_Count/UnknownSignificance_Variants,pharynx,3054
top_variant_count,STAMPEDE/Top_Variant_Count,pleura,4897
top_gene_count,STAMPEDE/Top_Gene_Count,pleura,3060
gender_age_distribution,STAMPEDE/Gender_Age_Distribution,pleura,3062
hist_dx_distribution,STAMPEDE/Hist_Dx_distribution,pleura,4727
test_volume,STAMPEDE/PerTumor_OrderVolume,pleura,4210
tumor_purity_count,STAMPEDE/Tumor_Purity_Count,pleura,3072
specimen_type_count,STAMPEDE/Specimen_Type_Count,pleura,3070
pt_mutation_count_allvariants,STAMPEDE/Patient_Mutation_Count/All_Variants,pleura,3064
pt_mutation_count_allvariantstacked,STAMPEDE/Patient_Mutation_Count/All_Variants_Stacked,pleura,5049
pt_mutation_count_pathovariants,STAMPEDE/Patient_Mutation_Count/Pathogenic_Variants,pleura,3066
pt_mutation_count_VUS,STAMPEDE/Patient_Mutation_Count/UnknownSignificance_Variants,pleura,3068
top_variant_count,STAMPEDE/Top_Variant_Count,prostate gland,3076
top_gene_count,STAMPEDE/Top_Gene_Count,prostate gland,3074
gender_age_distribution,STAMPEDE/Gender_Age_Distribution,prostate gland,3078
hist_dx_distribution,STAMPEDE/Hist_Dx_distribution,prostate gland,4731
test_volume,STAMPEDE/PerTumor_OrderVolume,prostate gland,4212
tumor_purity_count,STAMPEDE/Tumor_Purity_Count,prostate gland,3088
specimen_type_count,STAMPEDE/Specimen_Type_Count,prostate gland,3086
pt_mutation_count_allvariants,STAMPEDE/Patient_Mutation_Count/All_Variants,prostate gland,3080
pt_mutation_count_allvariantstacked,STAMPEDE/Patient_Mutation_Count/All_Variants_Stacked,prostate gland,5051
pt_mutation_count_pathovariants,STAMPEDE/Patient_Mutation_Count/Pathogenic_Variants,prostate gland,3082
pt_mutation_count_VUS,STAMPEDE/Patient_Mutation_Count/UnknownSignificance_Variants,prostate gland,3084
top_variant_count,STAMPEDE/Top_Variant_Count,salivary glands,4899
top_gene_count,STAMPEDE/Top_Gene_Count,salivary glands,3090
gender_age_distribution,STAMPEDE/Gender_Age_Distribution,salivary glands,3092
hist_dx_distribution,STAMPEDE/Hist_Dx_distribution,salivary glands,4735
test_volume,STAMPEDE/PerTumor_OrderVolume,salivary glands,4214
tumor_purity_count,STAMPEDE/Tumor_Purity_Count,salivary glands,3102
specimen_type_count,STAMPEDE/Specimen_Type_Count,salivary glands,3100
pt_mutation_count_allvariants,STAMPEDE/Patient_Mutation_Count/All_Variants,salivary glands,3094
pt_mutation_count_allvariantstacked,STAMPEDE/Patient_Mutation_Count/All_Variants_Stacked,salivary glands,5053
pt_mutation_count_pathovariants,STAMPEDE/Patient_Mutation_Count/Pathogenic_Variants,salivary glands,3096
pt_mutation_count_VUS,STAMPEDE/Patient_Mutation_Count/UnknownSignificance_Variants,salivary glands,3098
top_variant_count,STAMPEDE/Top_Variant_Count,scalp,4901
top_gene_count,STAMPEDE/Top_Gene_Count,scalp,3104
gender_age_distribution,STAMPEDE/Gender_Age_Distribution,scalp,3106
hist_dx_distribution,STAMPEDE/Hist_Dx_distribution,scalp,4739
test_volume,STAMPEDE/PerTumor_OrderVolume,scalp,4216
tumor_purity_count,STAMPEDE/Tumor_Purity_Count,scalp,3116
specimen_type_count,STAMPEDE/Specimen_Type_Count,scalp,3114
pt_mutation_count_allvariants,STAMPEDE/Patient_Mutation_Count/All_Variants,scalp,3108
pt_mutation_count_allvariantstacked,STAMPEDE/Patient_Mutation_Count/All_Variants_Stacked,scalp,5055
pt_mutation_count_pathovariants,STAMPEDE/Patient_Mutation_Count/Pathogenic_Variants,scalp,3110
pt_mutation_count_VUS,STAMPEDE/Patient_Mutation_Count/UnknownSignificance_Variants,scalp,3112
top_variant_count,STAMPEDE/Top_Variant_Count,skin,3120
top_gene_count,STAMPEDE/Top_Gene_Count,skin,3118
gender_age_distribution,STAMPEDE/Gender_Age_Distribution,skin,3122
hist_dx_distribution,STAMPEDE/Hist_Dx_distribution,skin,4743
test_volume,STAMPEDE/PerTumor_OrderVolume,skin,4218
tumor_purity_count,STAMPEDE/Tumor_Purity_Count,skin,3132
specimen_type_count,STAMPEDE/Specimen_Type_Count,skin,3130
pt_mutation_count_allvariants,STAMPEDE/Patient_Mutation_Count/All_Variants,skin,3124
pt_mutation_count_allvariantstacked,STAMPEDE/Patient_Mutation_Count/All_Variants_Stacked,skin,5057
pt_mutation_count_pathovariants,STAMPEDE/Patient_Mutation_Count/Pathogenic_Variants,skin,3126
pt_mutation_count_VUS,STAMPEDE/Patient_Mutation_Count/UnknownSignificance_Variants,skin,3128
top_fusion_count,STAMPEDE/Top_Fusion_Count,skin,5382
top_variant_count,STAMPEDE/Top_Variant_Count,small intestine,3136
top_gene_count,STAMPEDE/Top_Gene_Count,small intestine,3134
gender_age_distribution,STAMPEDE/Gender_Age_Distribution,small intestine,3138
hist_dx_distribution,STAMPEDE/Hist_Dx_distribution,small intestine,4747
test_volume,STAMPEDE/PerTumor_OrderVolume,small intestine,4220
tumor_purity_count,STAMPEDE/Tumor_Purity_Count,small intestine,3148
specimen_type_count,STAMPEDE/Specimen_Type_Count,small intestine,3146
pt_mutation_count_allvariants,STAMPEDE/Patient_Mutation_Count/All_Variants,small intestine,3140
pt_mutation_count_allvariantstacked,STAMPEDE/Patient_Mutation_Count/All_Variants_Stacked,small intestine,5059
pt_mutation_count_pathovariants,STAMPEDE/Patient_Mutation_Count/Pathogenic_Variants,small intestine,3142
pt_mutation_count_VUS,STAMPEDE/Patient_Mutation_Count/UnknownSignificance_Variants,small intestine,3144
top_fusion_count,STAMPEDE/Top_Fusion_Count,small intestine,5384
top_variant_count,STAMPEDE/Top_Variant_Count,soft tissue,3152
top_gene_count,STAMPEDE/Top_Gene_Count,soft tissue,3150
gender_age_distribution,STAMPEDE/Gender_Age_Distribution,soft tissue,3154
hist_dx_distribution,STAMPEDE/Hist_Dx_distribution,soft tissue,4751
test_volume,STAMPEDE/PerTumor_OrderVolume,soft tissue,4222
tumor_purity_count,STAMPEDE/Tumor_Purity_Count,soft tissue,3164
specimen_type_count,STAMPEDE/Specimen_Type_Count,soft tissue,3162
pt_mutation_count_allvariants,STAMPEDE/Patient_Mutation_Count/All_Variants,soft tissue,3156
pt_mutation_count_allvariantstacked,STAMPEDE/Patient_Mutation_Count/All_Variants_Stacked,soft tissue,5061
pt_mutation_count_pathovariants,STAMPEDE/Patient_Mutation_Count/Pathogenic_Variants,soft tissue,3158
pt_mutation_count_VUS,STAMPEDE/Patient_Mutation_Count/UnknownSignificance_Variants,soft tissue,3160
top_fusion_count,STAMPEDE/Top_Fusion_Count,soft tissue,5106
top_variant_count,STAMPEDE/Top_Variant_Count,stomach,3168
top_gene_count,STAMPEDE/Top_Gene_Count,stomach,3166
gender_age_distribution,STAMPEDE/Gender_Age_Distribution,stomach,3170
hist_dx_distribution,STAMPEDE/Hist_Dx_distribution,stomach,4755
test_volume,STAMPEDE/PerTumor_OrderVolume,stomach,4224
tumor_purity_count,STAMPEDE/Tumor_Purity_Count,stomach,3180
specimen_type_count,STAMPEDE/Specimen_Type_Count,stomach,3178
pt_mutation_count_allvariants,STAMPEDE/Patient_Mutation_Count/All_Variants,stomach,3172
pt_mutation_count_allvariantstacked,STAMPEDE/Patient_Mutation_Count/All_Variants_Stacked,stomach,5063
pt_mutation_count_pathovariants,STAMPEDE/Patient_Mutation_Count/Pathogenic_Variants,stomach,3174
pt_mutation_count_VUS,STAMPEDE/Patient_Mutation_Count/UnknownSignificance_Variants,stomach,3176
top_variant_count,STAMPEDE/Top_Variant_Count,testes,4903
top_gene_count,STAMPEDE/Top_Gene_Count,testes,3182
gender_age_distribution,STAMPEDE/Gender_Age_Distribution,testes,3184
hist_dx_distribution,STAMPEDE/Hist_Dx_distribution,testes,4759
test_volume,STAMPEDE/PerTumor_OrderVolume,testes,4226
tumor_purity_count,STAMPEDE/Tumor_Purity_Count,testes,3194
specimen_type_count,STAMPEDE/Specimen_Type_Count,testes,3192
pt_mutation_count_allvariants,STAMPEDE/Patient_Mutation_Count/All_Variants,testes,3186
pt_mutation_count_allvariantstacked,STAMPEDE/Patient_Mutation_Count/All_Variants_Stacked,testes,5065
pt_mutation_count_pathovariants,STAMPEDE/Patient_Mutation_Count/Pathogenic_Variants,testes,3188
pt_mutation_count_VUS,STAMPEDE/Patient_Mutation_Count/UnknownSignificance_Variants,testes,3190
top_variant_count,STAMPEDE/Top_Variant_Count,thymus,4905
top_gene_count,STAMPEDE/Top_Gene_Count,thymus,3196
gender_age_distribution,STAMPEDE/Gender_Age_Distribution,thymus,3198
hist_dx_distribution,STAMPEDE/Hist_Dx_distribution,thymus,4763
test_volume,STAMPEDE/PerTumor_OrderVolume,thymus,4228
tumor_purity_count,STAMPEDE/Tumor_Purity_Count,thymus,3208
specimen_type_count,STAMPEDE/Specimen_Type_Count,thymus,3206
pt_mutation_count_allvariants,STAMPEDE/Patient_Mutation_Count/All_Variants,thymus,3200
pt_mutation_count_allvariantstacked,STAMPEDE/Patient_Mutation_Count/All_Variants_Stacked,thymus,5067
pt_mutation_count_pathovariants,STAMPEDE/Patient_Mutation_Count/Pathogenic_Variants,thymus,3202
pt_mutation_count_VUS,STAMPEDE/Patient_Mutation_Count/UnknownSignificance_Variants,thymus,3204
top_variant_count,STAMPEDE/Top_Variant_Count,thyroid,3212
top_gene_count,STAMPEDE/Top_Gene_Count,thyroid,3210
gender_age_distribution,STAMPEDE/Gender_Age_Distribution,thyroid,3214
hist_dx_distribution,STAMPEDE/Hist_Dx_distribution,thyroid,4767
test_volume,STAMPEDE/PerTumor_OrderVolume,thyroid,4230
tumor_purity_count,STAMPEDE/Tumor_Purity_Count,thyroid,3224
specimen_type_count,STAMPEDE/Specimen_Type_Count,thyroid,3222
pt_mutation_count_allvariants,STAMPEDE/Patient_Mutation_Count/All_Variants,thyroid,3216
pt_mutation_count_allvariantstacked,STAMPEDE/Patient_Mutation_Count/All_Variants_Stacked,thyroid,5069
pt_mutation_count_pathovariants,STAMPEDE/Patient_Mutation_Count/Pathogenic_Variants,thyroid,3218
pt_mutation_count_VUS,STAMPEDE/Patient_Mutation_Count/UnknownSignificance_Variants,thyroid,3220
top_variant_count,STAMPEDE/Top_Variant_Count,trachea,4907
top_gene_count,STAMPEDE/Top_Gene_Count,trachea,3226
gender_age_distribution,STAMPEDE/Gender_Age_Distribution,trachea,3228
hist_dx_distribution,STAMPEDE/Hist_Dx_distribution,trachea,4771
test_volume,STAMPEDE/PerTumor_OrderVolume,trachea,4232
tumor_purity_count,STAMPEDE/Tumor_Purity_Count,trachea,3236
specimen_type_count,STAMPEDE/Specimen_Type_Count,trachea,3234
pt_mutation_count_allvariants,STAMPEDE/Patient_Mutation_Count/All_Variants,trachea,3230
pt_mutation_count_allvariantstacked,STAMPEDE/Patient_Mutation_Count/All_Variants_Stacked,trachea,5071
pt_mutation_count_VUS,STAMPEDE/Patient_Mutation_Count/UnknownSignificance_Variants,trachea,3232
top_variant_count,STAMPEDE/Top_Variant_Count,urethra,5390
top_gene_count,STAMPEDE/Top_Gene_Count,urethra,3238
gender_age_distribution,STAMPEDE/Gender_Age_Distribution,urethra,3240
hist_dx_distribution,STAMPEDE/Hist_Dx_distribution,urethra,5392
test_volume,STAMPEDE/PerTumor_OrderVolume,urethra,4234
tumor_purity_count,STAMPEDE/Tumor_Purity_Count,urethra,3250
specimen_type_count,STAMPEDE/Specimen_Type_Count,urethra,3248
pt_mutation_count_allvariants,STAMPEDE/Patient_Mutation_Count/All_Variants,urethra,3242
pt_mutation_count_allvariantstacked,STAMPEDE/Patient_Mutation_Count/All_Variants_Stacked,urethra,5388
pt_mutation_count_pathovariants,STAMPEDE/Patient_Mutation_Count/Pathogenic_Variants,urethra,3244
pt_mutation_count_VUS,STAMPEDE/Patient_Mutation_Count/UnknownSignificance_Variants,urethra,3246
top_variant_count,STAMPEDE/Top_Variant_Count,urinary bladder,4909
top_gene_count,STAMPEDE/Top_Gene_Count,urinary bladder,3252
gender_age_distribution,STAMPEDE/Gender_Age_Distribution,urinary bladder,3254
hist_dx_distribution,STAMPEDE/Hist_Dx_distribution,urinary bladder,4775
test_volume,STAMPEDE/PerTumor_OrderVolume,urinary bladder,4236
tumor_purity_count,STAMPEDE/Tumor_Purity_Count,urinary bladder,3264
specimen_type_count,STAMPEDE/Specimen_Type_Count,urinary bladder,3262
pt_mutation_count_allvariants,STAMPEDE/Patient_Mutation_Count/All_Variants,urinary bladder,3256
pt_mutation_count_allvariantstacked,STAMPEDE/Patient_Mutation_Count/All_Variants_Stacked,urinary bladder,5073
pt_mutation_count_pathovariants,STAMPEDE/Patient_Mutation_Count/Pathogenic_Variants,urinary bladder,3258
pt_mutation_count_VUS,STAMPEDE/Patient_Mutation_Count/UnknownSignificance_Variants,urinary bladder,3260
top_fusion_count,STAMPEDE/Top_Fusion_Count,urinary bladder,5394
top_variant_count,STAMPEDE/Top_Variant_Count,uterus,4911
top_gene_count,STAMPEDE/Top_Gene_Count,uterus,3266
gender_age_distribution,STAMPEDE/Gender_Age_Distribution,uterus,3268
hist_dx_distribution,STAMPEDE/Hist_Dx_distribution,uterus,4779
test_volume,STAMPEDE/PerTumor_OrderVolume,uterus,4238
tumor_purity_count,STAMPEDE/Tumor_Purity_Count,uterus,3278
specimen_type_count,STAMPEDE/Specimen_Type_Count,uterus,3276
pt_mutation_count_allvariants,STAMPEDE/Patient_Mutation_Count/All_Variants,uterus,3270
pt_mutation_count_allvariantstacked,STAMPEDE/Patient_Mutation_Count/All_Variants_Stacked,uterus,5075
pt_mutation_count_pathovariants,STAMPEDE/Patient_Mutation_Count/Pathogenic_Variants,uterus,3272
pt_mutation_count_VUS,STAMPEDE/Patient_Mutation_Count/UnknownSignificance_Variants,uterus,3274
top_variant_count,STAMPEDE/Top_Variant_Count,uvea,3282
top_gene_count,STAMPEDE/Top_Gene_Count,uvea,3280
gender_age_distribution,STAMPEDE/Gender_Age_Distribution,uvea,3284
hist_dx_distribution,STAMPEDE/Hist_Dx_distribution,uvea,4783
test_volume,STAMPEDE/PerTumor_OrderVolume,uvea,4240
tumor_purity_count,STAMPEDE/Tumor_Purity_Count,uvea,3294
specimen_type_count,STAMPEDE/Specimen_Type_Count,uvea,3292
pt_mutation_count_allvariants,STAMPEDE/Patient_Mutation_Count/All_Variants,uvea,3286
pt_mutation_count_allvariantstacked,STAMPEDE/Patient_Mutation_Count/All_Variants_Stacked,uvea,5077
pt_mutation_count_pathovariants,STAMPEDE/Patient_Mutation_Count/Pathogenic_Variants,uvea,3288
pt_mutation_count_VUS,STAMPEDE/Patient_Mutation_Count/UnknownSignificance_Variants,uvea,3290
top_variant_count,STAMPEDE/Top_Variant_Count,vulva,4913
top_gene_count,STAMPEDE/Top_Gene_Count,vulva,3296
gender_age_distribution,STAMPEDE/Gender_Age_Distribution,vulva,3298
hist_dx_distribution,STAMPEDE/Hist_Dx_distribution,vulva,4787
test_volume,STAMPEDE/PerTumor_OrderVolume,vulva,4242
tumor_purity_count,STAMPEDE/Tumor_Purity_Count,vulva,3308
specimen_type_count,STAMPEDE/Specimen_Type_Count,vulva,3306
pt_mutation_count_allvariants,STAMPEDE/Patient_Mutation_Count/All_Variants,vulva,3300
pt_mutation_count_allvariantstacked,STAMPEDE/Patient_Mutation_Count/All_Variants_Stacked,vulva,5079
pt_mutation_count_pathovariants,STAMPEDE/Patient_Mutation_Count/Pathogenic_Variants,vulva,3302
pt_mutation_count_VUS,STAMPEDE/Patient_Mutation_Count/UnknownSignificance_Variants,vulva,3304
top_site_count,STAMPEDE/Top_Site_Count,ABL1,3333
top_variant_count,STAMPEDE/Top_Variant_Count,ABL1,3335
gene_lollipop,STAMPEDE/Gene_Lollipop,ABL1,3789
var_type_distribution,STAMPEDE/Var_Type_Distribution,ABL1,4247
top_site_count,STAMPEDE/Top_Site_Count,AKT1,3337
top_variant_count,STAMPEDE/Top_Variant_Count,AKT1,3339
gene_lollipop,STAMPEDE/Gene_Lollipop,AKT1,3791
var_type_distribution,STAMPEDE/Var_Type_Distribution,AKT1,4249
top_site_count,STAMPEDE/Top_Site_Count,ALK,3341
top_variant_count,STAMPEDE/Top_Variant_Count,ALK,3343
gene_lollipop,STAMPEDE/Gene_Lollipop,ALK,3793
var_type_distribution,STAMPEDE/Var_Type_Distribution,ALK,4251
top_fusion_count,STAMPEDE/Top_Fusion_Count,ALK,5110
top_site_count,STAMPEDE/Top_Site_Count,APC,3345
top_variant_count,STAMPEDE/Top_Variant_Count,APC,3347
gene_lollipop,STAMPEDE/Gene_Lollipop,APC,3795
var_type_distribution,STAMPEDE/Var_Type_Distribution,APC,4253
top_site_count,STAMPEDE/Top_Site_Count,AR,3349
top_variant_count,STAMPEDE/Top_Variant_Count,AR,3351
gene_lollipop,STAMPEDE/Gene_Lollipop,AR,3797
var_type_distribution,STAMPEDE/Var_Type_Distribution,AR,4256
top_site_count,STAMPEDE/Top_Site_Count,ARAF,3353
top_variant_count,STAMPEDE/Top_Variant_Count,ARAF,3355
gene_lollipop,STAMPEDE/Gene_Lollipop,ARAF,3799
var_type_distribution,STAMPEDE/Var_Type_Distribution,ARAF,4259
top_site_count,STAMPEDE/Top_Site_Count,ARID1A,3357
top_variant_count,STAMPEDE/Top_Variant_Count,ARID1A,3359
gene_lollipop,STAMPEDE/Gene_Lollipop,ARID1A,3801
var_type_distribution,STAMPEDE/Var_Type_Distribution,ARID1A,4261
top_site_count,STAMPEDE/Top_Site_Count,AURKA,3361
top_variant_count,STAMPEDE/Top_Variant_Count,AURKA,3363
gene_lollipop,STAMPEDE/Gene_Lollipop,AURKA,3803
var_type_distribution,STAMPEDE/Var_Type_Distribution,AURKA,4263
top_site_count,STAMPEDE/Top_Site_Count,BAP1,3365
top_variant_count,STAMPEDE/Top_Variant_Count,BAP1,3367
gene_lollipop,STAMPEDE/Gene_Lollipop,BAP1,3805
var_type_distribution,STAMPEDE/Var_Type_Distribution,BAP1,4265
top_site_count,STAMPEDE/Top_Site_Count,BCL2,3369
top_variant_count,STAMPEDE/Top_Variant_Count,BCL2,3371
gene_lollipop,STAMPEDE/Gene_Lollipop,BCL2,3807
var_type_distribution,STAMPEDE/Var_Type_Distribution,BCL2,4267
top_site_count,STAMPEDE/Top_Site_Count,BCR,3373
top_variant_count,STAMPEDE/Top_Variant_Count,BCR,3375
gene_lollipop,STAMPEDE/Gene_Lollipop,BCR,3809
var_type_distribution,STAMPEDE/Var_Type_Distribution,BCR,4269
top_site_count,STAMPEDE/Top_Site_Count,BRAF,3377
top_variant_count,STAMPEDE/Top_Variant_Count,BRAF,3379
gene_lollipop,STAMPEDE/Gene_Lollipop,BRAF,3811
var_type_distribution,STAMPEDE/Var_Type_Distribution,BRAF,4271
top_fusion_count,STAMPEDE/Top_Fusion_Count,BRAF,5112
top_site_count,STAMPEDE/Top_Site_Count,BRCA1,3381
top_variant_count,STAMPEDE/Top_Variant_Count,BRCA1,3383
gene_lollipop,STAMPEDE/Gene_Lollipop,BRCA1,3813
var_type_distribution,STAMPEDE/Var_Type_Distribution,BRCA1,4273
top_site_count,STAMPEDE/Top_Site_Count,BRCA2,3385
top_variant_count,STAMPEDE/Top_Variant_Count,BRCA2,3387
gene_lollipop,STAMPEDE/Gene_Lollipop,BRCA2,3815
var_type_distribution,STAMPEDE/Var_Type_Distribution,BRCA2,4275
top_site_count,STAMPEDE/Top_Site_Count,CASP8,3389
top_variant_count,STAMPEDE/Top_Variant_Count,CASP8,3391
gene_lollipop,STAMPEDE/Gene_Lollipop,CASP8,3817
var_type_distribution,STAMPEDE/Var_Type_Distribution,CASP8,4277
top_site_count,STAMPEDE/Top_Site_Count,CCND1,3393
top_variant_count,STAMPEDE/Top_Variant_Count,CCND1,4915
gene_lollipop,STAMPEDE/Gene_Lollipop,CCND1,3819
var_type_distribution,STAMPEDE/Var_Type_Distribution,CCND1,4279
top_site_count,STAMPEDE/Top_Site_Count,CCND2,3395
top_variant_count,STAMPEDE/Top_Variant_Count,CCND2,4917
gene_lollipop,STAMPEDE/Gene_Lollipop,CCND2,3821
var_type_distribution,STAMPEDE/Var_Type_Distribution,CCND2,4281
top_site_count,STAMPEDE/Top_Site_Count,CCND3,3397
top_variant_count,STAMPEDE/Top_Variant_Count,CCND3,3399
gene_lollipop,STAMPEDE/Gene_Lollipop,CCND3,3823
var_type_distribution,STAMPEDE/Var_Type_Distribution,CCND3,4283
top_site_count,STAMPEDE/Top_Site_Count,CCNE1,3401
top_variant_count,STAMPEDE/Top_Variant_Count,CCNE1,3403
gene_lollipop,STAMPEDE/Gene_Lollipop,CCNE1,3825
var_type_distribution,STAMPEDE/Var_Type_Distribution,CCNE1,4285
top_site_count,STAMPEDE/Top_Site_Count,CDH1,3405
top_variant_count,STAMPEDE/Top_Variant_Count,CDH1,3407
gene_lollipop,STAMPEDE/Gene_Lollipop,CDH1,3827
var_type_distribution,STAMPEDE/Var_Type_Distribution,CDH1,4287
top_site_count,STAMPEDE/Top_Site_Count,CDK12,3409
top_variant_count,STAMPEDE/Top_Variant_Count,CDK12,4919
gene_lollipop,STAMPEDE/Gene_Lollipop,CDK12,3829
var_type_distribution,STAMPEDE/Var_Type_Distribution,CDK12,4289
top_site_count,STAMPEDE/Top_Site_Count,CDK4,3411
top_variant_count,STAMPEDE/Top_Variant_Count,CDK4,3413
gene_lollipop,STAMPEDE/Gene_Lollipop,CDK4,3831
var_type_distribution,STAMPEDE/Var_Type_Distribution,CDK4,4291
top_site_count,STAMPEDE/Top_Site_Count,CDK6,3415
top_variant_count,STAMPEDE/Top_Variant_Count,CDK6,3417
gene_lollipop,STAMPEDE/Gene_Lollipop,CDK6,3833
var_type_distribution,STAMPEDE/Var_Type_Distribution,CDK6,4293
top_site_count,STAMPEDE/Top_Site_Count,CDKN1B,3419
top_variant_count,STAMPEDE/Top_Variant_Count,CDKN1B,3421
gene_lollipop,STAMPEDE/Gene_Lollipop,CDKN1B,3835
var_type_distribution,STAMPEDE/Var_Type_Distribution,CDKN1B,4295
top_site_count,STAMPEDE/Top_Site_Count,CDKN2A,3423
top_variant_count,STAMPEDE/Top_Variant_Count,CDKN2A,3425
gene_lollipop,STAMPEDE/Gene_Lollipop,CDKN2A,3837
var_type_distribution,STAMPEDE/Var_Type_Distribution,CDKN2A,4297
top_site_count,STAMPEDE/Top_Site_Count,CDKN2B,3427
top_variant_count,STAMPEDE/Top_Variant_Count,CDKN2B,3429
gene_lollipop,STAMPEDE/Gene_Lollipop,CDKN2B,3839
var_type_distribution,STAMPEDE/Var_Type_Distribution,CDKN2B,4299
top_site_count,STAMPEDE/Top_Site_Count,CHEK2,3431
top_variant_count,STAMPEDE/Top_Variant_Count,CHEK2,3433
gene_lollipop,STAMPEDE/Gene_Lollipop,CHEK2,3841
var_type_distribution,STAMPEDE/Var_Type_Distribution,CHEK2,4301
top_site_count,STAMPEDE/Top_Site_Count,CREBBP,3435
top_variant_count,STAMPEDE/Top_Variant_Count,CREBBP,4921
gene_lollipop,STAMPEDE/Gene_Lollipop,CREBBP,3843
var_type_distribution,STAMPEDE/Var_Type_Distribution,CREBBP,4303
top_site_count,STAMPEDE/Top_Site_Count,CTNNB1,3437
top_variant_count,STAMPEDE/Top_Variant_Count,CTNNB1,3439
gene_lollipop,STAMPEDE/Gene_Lollipop,CTNNB1,3845
var_type_distribution,STAMPEDE/Var_Type_Distribution,CTNNB1,4305
top_site_count,STAMPEDE/Top_Site_Count,CUL3,3441
top_variant_count,STAMPEDE/Top_Variant_Count,CUL3,4923
gene_lollipop,STAMPEDE/Gene_Lollipop,CUL3,3847
var_type_distribution,STAMPEDE/Var_Type_Distribution,CUL3,4307
top_site_count,STAMPEDE/Top_Site_Count,DDR2,3443
top_variant_count,STAMPEDE/Top_Variant_Count,DDR2,4501
gene_lollipop,STAMPEDE/Gene_Lollipop,DDR2,3849
var_type_distribution,STAMPEDE/Var_Type_Distribution,DDR2,4309
top_site_count,STAMPEDE/Top_Site_Count,DNMT3A,3445
top_variant_count,STAMPEDE/Top_Variant_Count,DNMT3A,3447
gene_lollipop,STAMPEDE/Gene_Lollipop,DNMT3A,3851
var_type_distribution,STAMPEDE/Var_Type_Distribution,DNMT3A,4311
top_site_count,STAMPEDE/Top_Site_Count,DPH3,5479
top_variant_count,STAMPEDE/Top_Variant_Count,DPH3,5472
gene_lollipop,STAMPEDE/Gene_Lollipop,DPH3,5478
var_type_distribution,STAMPEDE/Var_Type_Distribution,DPH3,5474
top_site_count,STAMPEDE/Top_Site_Count,EGFR,3449
top_variant_count,STAMPEDE/Top_Variant_Count,EGFR,3451
gene_lollipop,STAMPEDE/Gene_Lollipop,EGFR,3853
var_type_distribution,STAMPEDE/Var_Type_Distribution,EGFR,4313
top_site_count,STAMPEDE/Top_Site_Count,EP300,3453
top_variant_count,STAMPEDE/Top_Variant_Count,EP300,4926
gene_lollipop,STAMPEDE/Gene_Lollipop,EP300,3855
var_type_distribution,STAMPEDE/Var_Type_Distribution,EP300,4315
top_site_count,STAMPEDE/Top_Site_Count,EPHA2,3455
top_variant_count,STAMPEDE/Top_Variant_Count,EPHA2,3457
gene_lollipop,STAMPEDE/Gene_Lollipop,EPHA2,3857
var_type_distribution,STAMPEDE/Var_Type_Distribution,EPHA2,4317
top_site_count,STAMPEDE/Top_Site_Count,EPHA3,3459
top_variant_count,STAMPEDE/Top_Variant_Count,EPHA3,3461
gene_lollipop,STAMPEDE/Gene_Lollipop,EPHA3,3859
var_type_distribution,STAMPEDE/Var_Type_Distribution,EPHA3,4319
top_site_count,STAMPEDE/Top_Site_Count,ERBB2,3463
top_variant_count,STAMPEDE/Top_Variant_Count,ERBB2,3465
gene_lollipop,STAMPEDE/Gene_Lollipop,ERBB2,3861
var_type_distribution,STAMPEDE/Var_Type_Distribution,ERBB2,4321
top_site_count,STAMPEDE/Top_Site_Count,ERBB3,3467
top_variant_count,STAMPEDE/Top_Variant_Count,ERBB3,3469
gene_lollipop,STAMPEDE/Gene_Lollipop,ERBB3,3863
var_type_distribution,STAMPEDE/Var_Type_Distribution,ERBB3,4323
top_site_count,STAMPEDE/Top_Site_Count,ERBB4,3471
top_variant_count,STAMPEDE/Top_Variant_Count,ERBB4,3473
gene_lollipop,STAMPEDE/Gene_Lollipop,ERBB4,3865
var_type_distribution,STAMPEDE/Var_Type_Distribution,ERBB4,4325
top_site_count,STAMPEDE/Top_Site_Count,ESR1,3475
top_variant_count,STAMPEDE/Top_Variant_Count,ESR1,3477
gene_lollipop,STAMPEDE/Gene_Lollipop,ESR1,3867
var_type_distribution,STAMPEDE/Var_Type_Distribution,ESR1,4327
top_site_count,STAMPEDE/Top_Site_Count,EZH2,3479
top_variant_count,STAMPEDE/Top_Variant_Count,EZH2,4928
gene_lollipop,STAMPEDE/Gene_Lollipop,EZH2,3869
var_type_distribution,STAMPEDE/Var_Type_Distribution,EZH2,4329
top_site_count,STAMPEDE/Top_Site_Count,FAM135B,4930
top_variant_count,STAMPEDE/Top_Variant_Count,FAM135B,4932
gene_lollipop,STAMPEDE/Gene_Lollipop,FAM135B,4978
var_type_distribution,STAMPEDE/Var_Type_Distribution,FAM135B,4934
top_site_count,STAMPEDE/Top_Site_Count,FAM5C,4936
top_variant_count,STAMPEDE/Top_Variant_Count,FAM5C,4938
gene_lollipop,STAMPEDE/Gene_Lollipop,FAM5C,4980
var_type_distribution,STAMPEDE/Var_Type_Distribution,FAM5C,4940
top_site_count,STAMPEDE/Top_Site_Count,FBXW7,3481
top_variant_count,STAMPEDE/Top_Variant_Count,FBXW7,3483
gene_lollipop,STAMPEDE/Gene_Lollipop,FBXW7,3871
var_type_distribution,STAMPEDE/Var_Type_Distribution,FBXW7,4331
top_site_count,STAMPEDE/Top_Site_Count,FGF3,3485
top_variant_count,STAMPEDE/Top_Variant_Count,FGF3,3487
gene_lollipop,STAMPEDE/Gene_Lollipop,FGF3,3873
var_type_distribution,STAMPEDE/Var_Type_Distribution,FGF3,4333
top_site_count,STAMPEDE/Top_Site_Count,FGF4,3489
top_variant_count,STAMPEDE/Top_Variant_Count,FGF4,3491
gene_lollipop,STAMPEDE/Gene_Lollipop,FGF4,3875
var_type_distribution,STAMPEDE/Var_Type_Distribution,FGF4,4335
top_site_count,STAMPEDE/Top_Site_Count,FGFR1,3493
top_variant_count,STAMPEDE/Top_Variant_Count,FGFR1,3495
gene_lollipop,STAMPEDE/Gene_Lollipop,FGFR1,3877
var_type_distribution,STAMPEDE/Var_Type_Distribution,FGFR1,4337
top_fusion_count,STAMPEDE/Top_Fusion_Count,FGFR1,5114
top_site_count,STAMPEDE/Top_Site_Count,FGFR2,3497
top_variant_count,STAMPEDE/Top_Variant_Count,FGFR2,3499
gene_lollipop,STAMPEDE/Gene_Lollipop,FGFR2,3879
var_type_distribution,STAMPEDE/Var_Type_Distribution,FGFR2,4339
top_site_count,STAMPEDE/Top_Site_Count,FGFR3,3501
top_variant_count,STAMPEDE/Top_Variant_Count,FGFR3,3503
gene_lollipop,STAMPEDE/Gene_Lollipop,FGFR3,3881
var_type_distribution,STAMPEDE/Var_Type_Distribution,FGFR3,4341
top_fusion_count,STAMPEDE/Top_Fusion_Count,FGFR3,5116
top_site_count,STAMPEDE/Top_Site_Count,FLT3,3505
top_variant_count,STAMPEDE/Top_Variant_Count,FLT3,4942
gene_lollipop,STAMPEDE/Gene_Lollipop,FLT3,3883
var_type_distribution,STAMPEDE/Var_Type_Distribution,FLT3,4343
top_site_count,STAMPEDE/Top_Site_Count,FOXO1,3507
top_variant_count,STAMPEDE/Top_Variant_Count,FOXO1,3509
gene_lollipop,STAMPEDE/Gene_Lollipop,FOXO1,3885
var_type_distribution,STAMPEDE/Var_Type_Distribution,FOXO1,4345
top_site_count,STAMPEDE/Top_Site_Count,GATA3,3511
top_variant_count,STAMPEDE/Top_Variant_Count,GATA3,3513
gene_lollipop,STAMPEDE/Gene_Lollipop,GATA3,3887
var_type_distribution,STAMPEDE/Var_Type_Distribution,GATA3,4347
top_site_count,STAMPEDE/Top_Site_Count,GNA11,3515
top_variant_count,STAMPEDE/Top_Variant_Count,GNA11,3517
gene_lollipop,STAMPEDE/Gene_Lollipop,GNA11,3889
var_type_distribution,STAMPEDE/Var_Type_Distribution,GNA11,4349
top_site_count,STAMPEDE/Top_Site_Count,GNAQ,3519
top_variant_count,STAMPEDE/Top_Variant_Count,GNAQ,3521
gene_lollipop,STAMPEDE/Gene_Lollipop,GNAQ,3891
var_type_distribution,STAMPEDE/Var_Type_Distribution,GNAQ,4351
top_site_count,STAMPEDE/Top_Site_Count,GNAS,3523
top_variant_count,STAMPEDE/Top_Variant_Count,GNAS,3525
gene_lollipop,STAMPEDE/Gene_Lollipop,GNAS,3893
var_type_distribution,STAMPEDE/Var_Type_Distribution,GNAS,4353
top_site_count,STAMPEDE/Top_Site_Count,HGF,3527
top_variant_count,STAMPEDE/Top_Variant_Count,HGF,3529
gene_lollipop,STAMPEDE/Gene_Lollipop,HGF,3895
var_type_distribution,STAMPEDE/Var_Type_Distribution,HGF,4355
top_site_count,STAMPEDE/Top_Site_Count,HNF1A,3531
top_variant_count,STAMPEDE/Top_Variant_Count,HNF1A,4503
gene_lollipop,STAMPEDE/Gene_Lollipop,HNF1A,3897
var_type_distribution,STAMPEDE/Var_Type_Distribution,HNF1A,4357
top_site_count,STAMPEDE/Top_Site_Count,HRAS,3533
top_variant_count,STAMPEDE/Top_Variant_Count,HRAS,3535
gene_lollipop,STAMPEDE/Gene_Lollipop,HRAS,3899
var_type_distribution,STAMPEDE/Var_Type_Distribution,HRAS,4359
top_site_count,STAMPEDE/Top_Site_Count,IDH1,3537
top_variant_count,STAMPEDE/Top_Variant_Count,IDH1,3539
gene_lollipop,STAMPEDE/Gene_Lollipop,IDH1,3901
var_type_distribution,STAMPEDE/Var_Type_Distribution,IDH1,4361
top_site_count,STAMPEDE/Top_Site_Count,IDH2,3541
top_variant_count,STAMPEDE/Top_Variant_Count,IDH2,3543
gene_lollipop,STAMPEDE/Gene_Lollipop,IDH2,3903
var_type_distribution,STAMPEDE/Var_Type_Distribution,IDH2,4363
top_site_count,STAMPEDE/Top_Site_Count,IGF1R,3545
top_variant_count,STAMPEDE/Top_Variant_Count,IGF1R,3547
gene_lollipop,STAMPEDE/Gene_Lollipop,IGF1R,3905
var_type_distribution,STAMPEDE/Var_Type_Distribution,IGF1R,4365
top_site_count,STAMPEDE/Top_Site_Count,JAK2,3549
top_variant_count,STAMPEDE/Top_Variant_Count,JAK2,3551
gene_lollipop,STAMPEDE/Gene_Lollipop,JAK2,3907
var_type_distribution,STAMPEDE/Var_Type_Distribution,JAK2,4367
top_site_count,STAMPEDE/Top_Site_Count,JAK3,3553
top_variant_count,STAMPEDE/Top_Variant_Count,JAK3,3555
gene_lollipop,STAMPEDE/Gene_Lollipop,JAK3,3909
var_type_distribution,STAMPEDE/Var_Type_Distribution,JAK3,4369
top_site_count,STAMPEDE/Top_Site_Count,KCNT2,4944
top_variant_count,STAMPEDE/Top_Variant_Count,KCNT2,4946
gene_lollipop,STAMPEDE/Gene_Lollipop,KCNT2,4982
var_type_distribution,STAMPEDE/Var_Type_Distribution,KCNT2,4948
top_site_count,STAMPEDE/Top_Site_Count,KDR,3557
top_variant_count,STAMPEDE/Top_Variant_Count,KDR,3559
gene_lollipop,STAMPEDE/Gene_Lollipop,KDR,3911
var_type_distribution,STAMPEDE/Var_Type_Distribution,KDR,4371
top_site_count,STAMPEDE/Top_Site_Count,KEAP1,3561
top_variant_count,STAMPEDE/Top_Variant_Count,KEAP1,3563
gene_lollipop,STAMPEDE/Gene_Lollipop,KEAP1,3913
var_type_distribution,STAMPEDE/Var_Type_Distribution,KEAP1,4373
top_site_count,STAMPEDE/Top_Site_Count,KIT,3565
top_variant_count,STAMPEDE/Top_Variant_Count,KIT,3567
gene_lollipop,STAMPEDE/Gene_Lollipop,KIT,3915
var_type_distribution,STAMPEDE/Var_Type_Distribution,KIT,4375
top_site_count,STAMPEDE/Top_Site_Count,KRAS,3569
top_variant_count,STAMPEDE/Top_Variant_Count,KRAS,3571
gene_lollipop,STAMPEDE/Gene_Lollipop,KRAS,3917
var_type_distribution,STAMPEDE/Var_Type_Distribution,KRAS,4377
top_site_count,STAMPEDE/Top_Site_Count,MAP2K1,3573
top_variant_count,STAMPEDE/Top_Variant_Count,MAP2K1,3575
gene_lollipop,STAMPEDE/Gene_Lollipop,MAP2K1,3919
var_type_distribution,STAMPEDE/Var_Type_Distribution,MAP2K1,4379
top_site_count,STAMPEDE/Top_Site_Count,MAP2K2,3577
top_variant_count,STAMPEDE/Top_Variant_Count,MAP2K2,3579
gene_lollipop,STAMPEDE/Gene_Lollipop,MAP2K2,3921
var_type_distribution,STAMPEDE/Var_Type_Distribution,MAP2K2,4381
top_site_count,STAMPEDE/Top_Site_Count,MDM2,3581
top_variant_count,STAMPEDE/Top_Variant_Count,MDM2,3583
gene_lollipop,STAMPEDE/Gene_Lollipop,MDM2,3923
var_type_distribution,STAMPEDE/Var_Type_Distribution,MDM2,4383
top_site_count,STAMPEDE/Top_Site_Count,MDM4,3585
top_variant_count,STAMPEDE/Top_Variant_Count,MDM4,3587
gene_lollipop,STAMPEDE/Gene_Lollipop,MDM4,3925
var_type_distribution,STAMPEDE/Var_Type_Distribution,MDM4,4385
top_site_count,STAMPEDE/Top_Site_Count,MED12,3589
top_variant_count,STAMPEDE/Top_Variant_Count,MED12,4950
gene_lollipop,STAMPEDE/Gene_Lollipop,MED12,3927
var_type_distribution,STAMPEDE/Var_Type_Distribution,MED12,4387
top_site_count,STAMPEDE/Top_Site_Count,MET,3591
top_variant_count,STAMPEDE/Top_Variant_Count,MET,3593
gene_lollipop,STAMPEDE/Gene_Lollipop,MET,3929
var_type_distribution,STAMPEDE/Var_Type_Distribution,MET,4389
top_site_count,STAMPEDE/Top_Site_Count,MLH1,3595
top_variant_count,STAMPEDE/Top_Variant_Count,MLH1,3597
gene_lollipop,STAMPEDE/Gene_Lollipop,MLH1,3931
var_type_distribution,STAMPEDE/Var_Type_Distribution,MLH1,4391
top_site_count,STAMPEDE/Top_Site_Count,MSH2,3599
top_variant_count,STAMPEDE/Top_Variant_Count,MSH2,3601
gene_lollipop,STAMPEDE/Gene_Lollipop,MSH2,3933
var_type_distribution,STAMPEDE/Var_Type_Distribution,MSH2,4393
top_site_count,STAMPEDE/Top_Site_Count,MTOR,3603
top_variant_count,STAMPEDE/Top_Variant_Count,MTOR,3605
gene_lollipop,STAMPEDE/Gene_Lollipop,MTOR,3935
var_type_distribution,STAMPEDE/Var_Type_Distribution,MTOR,4395
top_site_count,STAMPEDE/Top_Site_Count,MYC,3607
top_variant_count,STAMPEDE/Top_Variant_Count,MYC,3609
gene_lollipop,STAMPEDE/Gene_Lollipop,MYC,3937
var_type_distribution,STAMPEDE/Var_Type_Distribution,MYC,4397
top_site_count,STAMPEDE/Top_Site_Count,MYCL,3611
top_variant_count,STAMPEDE/Top_Variant_Count,MYCL,3613
gene_lollipop,STAMPEDE/Gene_Lollipop,MYCL,3939
var_type_distribution,STAMPEDE/Var_Type_Distribution,MYCL,4399
top_site_count,STAMPEDE/Top_Site_Count,MYCN,3615
top_variant_count,STAMPEDE/Top_Variant_Count,MYCN,3617
gene_lollipop,STAMPEDE/Gene_Lollipop,MYCN,3941
var_type_distribution,STAMPEDE/Var_Type_Distribution,MYCN,4401
top_site_count,STAMPEDE/Top_Site_Count,MYD88,3619
top_variant_count,STAMPEDE/Top_Variant_Count,MYD88,3621
gene_lollipop,STAMPEDE/Gene_Lollipop,MYD88,3943
var_type_distribution,STAMPEDE/Var_Type_Distribution,MYD88,4403
top_site_count,STAMPEDE/Top_Site_Count,NF1,3623
top_variant_count,STAMPEDE/Top_Variant_Count,NF1,3625
gene_lollipop,STAMPEDE/Gene_Lollipop,NF1,3945
var_type_distribution,STAMPEDE/Var_Type_Distribution,NF1,4405
top_site_count,STAMPEDE/Top_Site_Count,NF2,3627
top_variant_count,STAMPEDE/Top_Variant_Count,NF2,3629
gene_lollipop,STAMPEDE/Gene_Lollipop,NF2,3947
var_type_distribution,STAMPEDE/Var_Type_Distribution,NF2,4407
top_site_count,STAMPEDE/Top_Site_Count,NFE2L2,3631
top_variant_count,STAMPEDE/Top_Variant_Count,NFE2L2,3633
gene_lollipop,STAMPEDE/Gene_Lollipop,NFE2L2,3949
var_type_distribution,STAMPEDE/Var_Type_Distribution,NFE2L2,4409
top_site_count,STAMPEDE/Top_Site_Count,NKX2-1,3635
top_variant_count,STAMPEDE/Top_Variant_Count,NKX2-1,3637
gene_lollipop,STAMPEDE/Gene_Lollipop,NKX2-1,3951
var_type_distribution,STAMPEDE/Var_Type_Distribution,NKX2-1,4411
top_site_count,STAMPEDE/Top_Site_Count,NOTCH1,3639
top_variant_count,STAMPEDE/Top_Variant_Count,NOTCH1,3641
gene_lollipop,STAMPEDE/Gene_Lollipop,NOTCH1,3953
var_type_distribution,STAMPEDE/Var_Type_Distribution,NOTCH1,4413
top_site_count,STAMPEDE/Top_Site_Count,NRAS,3643
top_variant_count,STAMPEDE/Top_Variant_Count,NRAS,3645
gene_lollipop,STAMPEDE/Gene_Lollipop,NRAS,3955
var_type_distribution,STAMPEDE/Var_Type_Distribution,NRAS,4415
top_site_count,STAMPEDE/Top_Site_Count,NTRK1,3647
top_variant_count,STAMPEDE/Top_Variant_Count,NTRK1,3649
gene_lollipop,STAMPEDE/Gene_Lollipop,NTRK1,3957
var_type_distribution,STAMPEDE/Var_Type_Distribution,NTRK1,4417
top_fusion_count,STAMPEDE/Top_Fusion_Count,NTRK1,5118
top_site_count,STAMPEDE/Top_Site_Count,NTRK2,3651
top_variant_count,STAMPEDE/Top_Variant_Count,NTRK2,4952
gene_lollipop,STAMPEDE/Gene_Lollipop,NTRK2,3959
var_type_distribution,STAMPEDE/Var_Type_Distribution,NTRK2,4419
top_site_count,STAMPEDE/Top_Site_Count,NTRK3,3653
top_variant_count,STAMPEDE/Top_Variant_Count,NTRK3,3655
gene_lollipop,STAMPEDE/Gene_Lollipop,NTRK3,3961
var_type_distribution,STAMPEDE/Var_Type_Distribution,NTRK3,4421
top_site_count,STAMPEDE/Top_Site_Count,PALB2,3657
top_variant_count,STAMPEDE/Top_Variant_Count,PALB2,3659
gene_lollipop,STAMPEDE/Gene_Lollipop,PALB2,3963
var_type_distribution,STAMPEDE/Var_Type_Distribution,PALB2,4423
top_site_count,STAMPEDE/Top_Site_Count,PCBP1,3661
top_variant_count,STAMPEDE/Top_Variant_Count,PCBP1,3663
gene_lollipop,STAMPEDE/Gene_Lollipop,PCBP1,3965
var_type_distribution,STAMPEDE/Var_Type_Distribution,PCBP1,4425
top_site_count,STAMPEDE/Top_Site_Count,PDGFRA,3665
top_variant_count,STAMPEDE/Top_Variant_Count,PDGFRA,3667
gene_lollipop,STAMPEDE/Gene_Lollipop,PDGFRA,3967
var_type_distribution,STAMPEDE/Var_Type_Distribution,PDGFRA,4427
top_site_count,STAMPEDE/Top_Site_Count,PDGFRB,3669
top_variant_count,STAMPEDE/Top_Variant_Count,PDGFRB,3671
gene_lollipop,STAMPEDE/Gene_Lollipop,PDGFRB,3969
var_type_distribution,STAMPEDE/Var_Type_Distribution,PDGFRB,4429
top_site_count,STAMPEDE/Top_Site_Count,PIK3CA,3673
top_variant_count,STAMPEDE/Top_Variant_Count,PIK3CA,3675
gene_lollipop,STAMPEDE/Gene_Lollipop,PIK3CA,3971
var_type_distribution,STAMPEDE/Var_Type_Distribution,PIK3CA,4431
top_site_count,STAMPEDE/Top_Site_Count,PIK3R1,3677
top_variant_count,STAMPEDE/Top_Variant_Count,PIK3R1,4954
gene_lollipop,STAMPEDE/Gene_Lollipop,PIK3R1,3973
var_type_distribution,STAMPEDE/Var_Type_Distribution,PIK3R1,4433
top_site_count,STAMPEDE/Top_Site_Count,PLEKHS1,5485
top_variant_count,STAMPEDE/Top_Variant_Count,PLEKHS1,5481
var_type_distribution,STAMPEDE/Var_Type_Distribution,PLEKHS1,5483
top_site_count,STAMPEDE/Top_Site_Count,POLD1,3679
top_variant_count,STAMPEDE/Top_Variant_Count,POLD1,4956
gene_lollipop,STAMPEDE/Gene_Lollipop,POLD1,3975
var_type_distribution,STAMPEDE/Var_Type_Distribution,POLD1,4435
top_site_count,STAMPEDE/Top_Site_Count,POLE,3681
top_variant_count,STAMPEDE/Top_Variant_Count,POLE,4958
gene_lollipop,STAMPEDE/Gene_Lollipop,POLE,3977
var_type_distribution,STAMPEDE/Var_Type_Distribution,POLE,4437
top_site_count,STAMPEDE/Top_Site_Count,PPP2R1A,3683
top_variant_count,STAMPEDE/Top_Variant_Count,PPP2R1A,3685
gene_lollipop,STAMPEDE/Gene_Lollipop,PPP2R1A,3979
var_type_distribution,STAMPEDE/Var_Type_Distribution,PPP2R1A,4439
top_site_count,STAMPEDE/Top_Site_Count,PTCH1,3687
top_variant_count,STAMPEDE/Top_Variant_Count,PTCH1,3689
gene_lollipop,STAMPEDE/Gene_Lollipop,PTCH1,3981
var_type_distribution,STAMPEDE/Var_Type_Distribution,PTCH1,4441
top_site_count,STAMPEDE/Top_Site_Count,PTEN,3691
top_variant_count,STAMPEDE/Top_Variant_Count,PTEN,3693
gene_lollipop,STAMPEDE/Gene_Lollipop,PTEN,3983
var_type_distribution,STAMPEDE/Var_Type_Distribution,PTEN,4443
top_site_count,STAMPEDE/Top_Site_Count,PTPN11,3695
top_variant_count,STAMPEDE/Top_Variant_Count,PTPN11,3697
gene_lollipop,STAMPEDE/Gene_Lollipop,PTPN11,3985
var_type_distribution,STAMPEDE/Var_Type_Distribution,PTPN11,4445
top_site_count,STAMPEDE/Top_Site_Count,PTPRD,4960
top_variant_count,STAMPEDE/Top_Variant_Count,PTPRD,4962
gene_lollipop,STAMPEDE/Gene_Lollipop,PTPRD,4984
var_type_distribution,STAMPEDE/Var_Type_Distribution,PTPRD,4964
top_site_count,STAMPEDE/Top_Site_Count,RAC1,3699
top_variant_count,STAMPEDE/Top_Variant_Count,RAC1,3701
gene_lollipop,STAMPEDE/Gene_Lollipop,RAC1,3987
var_type_distribution,STAMPEDE/Var_Type_Distribution,RAC1,4447
top_site_count,STAMPEDE/Top_Site_Count,RAF1,3703
top_variant_count,STAMPEDE/Top_Variant_Count,RAF1,4966
gene_lollipop,STAMPEDE/Gene_Lollipop,RAF1,3989
var_type_distribution,STAMPEDE/Var_Type_Distribution,RAF1,4449
top_site_count,STAMPEDE/Top_Site_Count,RB1,3705
top_variant_count,STAMPEDE/Top_Variant_Count,RB1,3707
gene_lollipop,STAMPEDE/Gene_Lollipop,RB1,3991
var_type_distribution,STAMPEDE/Var_Type_Distribution,RB1,4451
top_site_count,STAMPEDE/Top_Site_Count,RET,3709
top_variant_count,STAMPEDE/Top_Variant_Count,RET,3711
gene_lollipop,STAMPEDE/Gene_Lollipop,RET,3993
var_type_distribution,STAMPEDE/Var_Type_Distribution,RET,4453
top_fusion_count,STAMPEDE/Top_Fusion_Count,RET,5120
top_site_count,STAMPEDE/Top_Site_Count,RHEB,4505
top_variant_count,STAMPEDE/Top_Variant_Count,RHEB,4968
gene_lollipop,STAMPEDE/Gene_Lollipop,RHEB,4789
var_type_distribution,STAMPEDE/Var_Type_Distribution,RHEB,4507
top_site_count,STAMPEDE/Top_Site_Count,RHOA,3713
top_variant_count,STAMPEDE/Top_Variant_Count,RHOA,3715
gene_lollipop,STAMPEDE/Gene_Lollipop,RHOA,3995
var_type_distribution,STAMPEDE/Var_Type_Distribution,RHOA,4455
top_site_count,STAMPEDE/Top_Site_Count,RIT1,3717
top_variant_count,STAMPEDE/Top_Variant_Count,RIT1,4509
gene_lollipop,STAMPEDE/Gene_Lollipop,RIT1,3997
var_type_distribution,STAMPEDE/Var_Type_Distribution,RIT1,4457
top_site_count,STAMPEDE/Top_Site_Count,ROS1,3719
top_variant_count,STAMPEDE/Top_Variant_Count,ROS1,3721
gene_lollipop,STAMPEDE/Gene_Lollipop,ROS1,3999
var_type_distribution,STAMPEDE/Var_Type_Distribution,ROS1,4459
top_fusion_count,STAMPEDE/Top_Fusion_Count,ROS1,5122
top_site_count,STAMPEDE/Top_Site_Count,RPS4Y1,3723
top_variant_count,STAMPEDE/Top_Variant_Count,RPS4Y1,4970
gene_lollipop,STAMPEDE/Gene_Lollipop,RPS4Y1,4001
var_type_distribution,STAMPEDE/Var_Type_Distribution,RPS4Y1,4461
top_site_count,STAMPEDE/Top_Site_Count,SDHD,5491
top_variant_count,STAMPEDE/Top_Variant_Count,SDHD,5487
gene_lollipop,STAMPEDE/Gene_Lollipop,SDHD,5493
var_type_distribution,STAMPEDE/Var_Type_Distribution,SDHD,5489
top_site_count,STAMPEDE/Top_Site_Count,SETBP1,3725
top_variant_count,STAMPEDE/Top_Variant_Count,SETBP1,4972
gene_lollipop,STAMPEDE/Gene_Lollipop,SETBP1,4003
var_type_distribution,STAMPEDE/Var_Type_Distribution,SETBP1,4463
top_site_count,STAMPEDE/Top_Site_Count,SETD2,3727
top_variant_count,STAMPEDE/Top_Variant_Count,SETD2,4974
gene_lollipop,STAMPEDE/Gene_Lollipop,SETD2,4005
var_type_distribution,STAMPEDE/Var_Type_Distribution,SETD2,4465
top_site_count,STAMPEDE/Top_Site_Count,SF3B1,3729
top_variant_count,STAMPEDE/Top_Variant_Count,SF3B1,3731
gene_lollipop,STAMPEDE/Gene_Lollipop,SF3B1,4007
var_type_distribution,STAMPEDE/Var_Type_Distribution,SF3B1,4467
top_site_count,STAMPEDE/Top_Site_Count,SMAD4,3733
top_variant_count,STAMPEDE/Top_Variant_Count,SMAD4,3735
gene_lollipop,STAMPEDE/Gene_Lollipop,SMAD4,4009
var_type_distribution,STAMPEDE/Var_Type_Distribution,SMAD4,4469
top_site_count,STAMPEDE/Top_Site_Count,SMO,3737
top_variant_count,STAMPEDE/Top_Variant_Count,SMO,3739
gene_lollipop,STAMPEDE/Gene_Lollipop,SMO,4011
var_type_distribution,STAMPEDE/Var_Type_Distribution,SMO,4471
top_site_count,STAMPEDE/Top_Site_Count,SOX2,3741
top_variant_count,STAMPEDE/Top_Variant_Count,SOX2,4511
gene_lollipop,STAMPEDE/Gene_Lollipop,SOX2,4013
var_type_distribution,STAMPEDE/Var_Type_Distribution,SOX2,4473
top_site_count,STAMPEDE/Top_Site_Count,SPOP,3743
top_variant_count,STAMPEDE/Top_Variant_Count,SPOP,5398
gene_lollipop,STAMPEDE/Gene_Lollipop,SPOP,4015
var_type_distribution,STAMPEDE/Var_Type_Distribution,SPOP,4475
top_site_count,STAMPEDE/Top_Site_Count,SRC,3745
top_variant_count,STAMPEDE/Top_Variant_Count,SRC,4976
gene_lollipop,STAMPEDE/Gene_Lollipop,SRC,4017
var_type_distribution,STAMPEDE/Var_Type_Distribution,SRC,4477
top_site_count,STAMPEDE/Top_Site_Count,SRSF2,3747
top_variant_count,STAMPEDE/Top_Variant_Count,SRSF2,3749
gene_lollipop,STAMPEDE/Gene_Lollipop,SRSF2,4019
var_type_distribution,STAMPEDE/Var_Type_Distribution,SRSF2,4479
top_site_count,STAMPEDE/Top_Site_Count,STK11,3751
top_variant_count,STAMPEDE/Top_Variant_Count,STK11,3753
gene_lollipop,STAMPEDE/Gene_Lollipop,STK11,4021
var_type_distribution,STAMPEDE/Var_Type_Distribution,STK11,4481
top_site_count,STAMPEDE/Top_Site_Count,TERT,5499
top_variant_count,STAMPEDE/Top_Variant_Count,TERT,5495
gene_lollipop,STAMPEDE/Gene_Lollipop,TERT,5501
var_type_distribution,STAMPEDE/Var_Type_Distribution,TERT,5497
top_site_count,STAMPEDE/Top_Site_Count,TIMM8B,5507
top_variant_count,STAMPEDE/Top_Variant_Count,TIMM8B,5503
gene_lollipop,STAMPEDE/Gene_Lollipop,TIMM8B,5509
var_type_distribution,STAMPEDE/Var_Type_Distribution,TIMM8B,5505
top_site_count,STAMPEDE/Top_Site_Count,TP53,3755
top_variant_count,STAMPEDE/Top_Variant_Count,TP53,3757
gene_lollipop,STAMPEDE/Gene_Lollipop,TP53,4023
var_type_distribution,STAMPEDE/Var_Type_Distribution,TP53,4483
top_site_count,STAMPEDE/Top_Site_Count,TP63,3759
top_variant_count,STAMPEDE/Top_Variant_Count,TP63,3761
gene_lollipop,STAMPEDE/Gene_Lollipop,TP63,4025
var_type_distribution,STAMPEDE/Var_Type_Distribution,TP63,4485
top_site_count,STAMPEDE/Top_Site_Count,TSC1,3763
top_variant_count,STAMPEDE/Top_Variant_Count,TSC1,3765
gene_lollipop,STAMPEDE/Gene_Lollipop,TSC1,4027
var_type_distribution,STAMPEDE/Var_Type_Distribution,TSC1,4487
top_site_count,STAMPEDE/Top_Site_Count,TSC2,3767
top_variant_count,STAMPEDE/Top_Variant_Count,TSC2,3769
gene_lollipop,STAMPEDE/Gene_Lollipop,TSC2,4029
var_type_distribution,STAMPEDE/Var_Type_Distribution,TSC2,4489
top_site_count,STAMPEDE/Top_Site_Count,U2AF1,3771
top_variant_count,STAMPEDE/Top_Variant_Count,U2AF1,3773
gene_lollipop,STAMPEDE/Gene_Lollipop,U2AF1,4031
var_type_distribution,STAMPEDE/Var_Type_Distribution,U2AF1,4491
top_site_count,STAMPEDE/Top_Site_Count,VEGFA,3775
top_variant_count,STAMPEDE/Top_Variant_Count,VEGFA,3777
gene_lollipop,STAMPEDE/Gene_Lollipop,VEGFA,4033
var_type_distribution,STAMPEDE/Var_Type_Distribution,VEGFA,4493
top_site_count,STAMPEDE/Top_Site_Count,VHL,3779
top_variant_count,STAMPEDE/Top_Variant_Count,VHL,3781
gene_lollipop,STAMPEDE/Gene_Lollipop,VHL,4035
var_type_distribution,STAMPEDE/Var_Type_Distribution,VHL,4495
top_site_count,STAMPEDE/Top_Site_Count,YAP1,3783
top_variant_count,STAMPEDE/Top_Variant_Count,YAP1,3785
gene_lollipop,STAMPEDE/Gene_Lollipop,YAP1,4037
var_type_distribution,STAMPEDE/Var_Type_Distribution,YAP1,4497
